course_version,module_id,objective_id,core_or_elective,criteria_ids,theory_refs,activity_ids,environment_profiles,checker_or_review_route,normal_case_ids,wrong_case_ids,variant_ids,source_refs,reviewer,review_date,test_run,blocking_issue,content_state,activity_state,assessment_state
CS01-core-practice-0.9.0,CS01-M01,CS01-M01-O01,core,fixed_condition;explanation;independent_transfer,CS01/CS01-core-practice-0.9.0/manifest.json#CS01-M01-O01-CODE/theory,CS01-M01-O01-CODE@0.2.0,c17-isolate-dev@0.1.0,fixed_condition:versioned_server_rule;explanation/independent_transfer:pending,no_literal_current_reference_fixture_mapping,no_literal_current_starter_fixture_mapping,wrong-output,gcc-c17;gcc13-build;wg14-n1570,unavailable_no_professional_signoff,not_applicable_no_signoff,consult_versioned_reports;fixtures_are_not_execution_passes,full_depth;alternative_correct_solution;two_meaningful_errors;independent_transfer;open_review;Q4/Q5,partial_original_theory;not_Q1_complete,bounded_practice_ready;not_all_required_labs,fixed_condition_only;explanation_and_independence_pending
CS01-core-practice-0.9.0,CS01-M01,CS01-M01-O02,core,fixed_condition;explanation;independent_transfer,CS01/CS01-core-practice-0.9.0/manifest.json#CS01-M01-O02-CODE/theory,CS01-M01-O02-CODE@0.2.0,c17-isolate-dev@0.1.0,fixed_condition:versioned_server_rule;explanation/independent_transfer:pending,no_literal_current_reference_fixture_mapping,no_literal_current_starter_fixture_mapping,nonzero-exit,gcc-c17;gcc13-build;wg14-n1570,unavailable_no_professional_signoff,not_applicable_no_signoff,consult_versioned_reports;fixtures_are_not_execution_passes,full_depth;alternative_correct_solution;two_meaningful_errors;independent_transfer;open_review;Q4/Q5,partial_original_theory;not_Q1_complete,bounded_practice_ready;not_all_required_labs,fixed_condition_only;explanation_and_independence_pending
CS01-core-practice-0.9.0,CS01-M01,CS01-M01-O03,core,fixed_condition;explanation;independent_transfer,CS01/CS01-core-practice-0.9.0/manifest.json#CS01-M01-O03-CODE/theory,CS01-M01-O03-CODE@0.2.0,c17-isolate-dev@0.1.0,fixed_condition:versioned_server_rule;explanation/independent_transfer:pending,no_literal_current_reference_fixture_mapping,no_literal_current_starter_fixture_mapping,input-rejected;input-empty,gcc-c17;gcc13-build;wg14-n1570,unavailable_no_professional_signoff,not_applicable_no_signoff,consult_versioned_reports;fixtures_are_not_execution_passes,full_depth;alternative_correct_solution;two_meaningful_errors;independent_transfer;open_review;Q4/Q5,partial_original_theory;not_Q1_complete,bounded_practice_ready;not_all_required_labs,fixed_condition_only;explanation_and_independence_pending
CS01-core-practice-0.9.0,CS01-M02,CS01-M02-O01,core,fixed_condition;explanation;independent_transfer,CS01/CS01-core-practice-0.9.0/manifest.json#CS01-M02-O01-CODE/theory,CS01-M02-O01-CODE@0.2.0,c17-isolate-dev@0.1.0,fixed_condition:versioned_server_rule;explanation/independent_transfer:pending,no_literal_current_reference_fixture_mapping,no_literal_current_starter_fixture_mapping,negative-division,gcc-c17;wg14-n1570-types,unavailable_no_professional_signoff,not_applicable_no_signoff,consult_versioned_reports;fixtures_are_not_execution_passes,full_depth;alternative_correct_solution;two_meaningful_errors;independent_transfer;open_review;Q4/Q5,partial_original_theory;not_Q1_complete,bounded_practice_ready;not_all_required_labs,fixed_condition_only;explanation_and_independence_pending
CS01-core-practice-0.9.0,CS01-M02,CS01-M02-O02,core,fixed_condition;explanation;independent_transfer,CS01/CS01-core-practice-0.9.0/manifest.json#CS01-M02-O02-CODE/theory,CS01-M02-O02-CODE@0.2.0,c17-isolate-dev@0.1.0,fixed_condition:versioned_server_rule;explanation/independent_transfer:pending,no_literal_current_reference_fixture_mapping,no_literal_current_starter_fixture_mapping,money-discount,gcc-c17;wg14-n1570-types,unavailable_no_professional_signoff,not_applicable_no_signoff,consult_versioned_reports;fixtures_are_not_execution_passes,full_depth;alternative_correct_solution;two_meaningful_errors;independent_transfer;open_review;Q4/Q5,partial_original_theory;not_Q1_complete,bounded_practice_ready;not_all_required_labs,fixed_condition_only;explanation_and_independence_pending
CS01-core-practice-0.9.0,CS01-M02,CS01-M02-O03,core,fixed_condition;explanation;independent_transfer,CS01/CS01-core-practice-0.9.0/manifest.json#CS01-M02-O03-CODE/theory,CS01-M02-O03-CODE@0.2.0,c17-isolate-dev@0.1.0,fixed_condition:versioned_server_rule;explanation/independent_transfer:pending,no_literal_current_reference_fixture_mapping,no_literal_current_starter_fixture_mapping,truncate-negative;safe-limit,gcc-c17;wg14-n1570-types,unavailable_no_professional_signoff,not_applicable_no_signoff,consult_versioned_reports;fixtures_are_not_execution_passes,full_depth;alternative_correct_solution;two_meaningful_errors;independent_transfer;open_review;Q4/Q5,partial_original_theory;not_Q1_complete,bounded_practice_ready;not_all_required_labs,fixed_condition_only;explanation_and_independence_pending
CS01-core-practice-0.9.0,CS01-M03,CS01-M03-O01,core,fixed_condition;explanation;independent_transfer,CS01/CS01-core-practice-0.9.0/manifest.json#CS01-M03-O01-CODE/theory,CS01-M03-O01-CODE@0.1.0,c17-isolate-dev@0.1.0,fixed_condition:versioned_server_rule;explanation/independent_transfer:pending,CS01-control.json#CS01-M03-O01/base/1,CS01-control.json#CS01-M03-O01/above-all/2;CS01-control.json#CS01-M03-O01/base/0,above-all,wg14-n1570;wg14-n1570-control,unavailable_no_professional_signoff,not_applicable_no_signoff,consult_versioned_reports;fixtures_are_not_execution_passes,full_depth;alternative_correct_solution;two_meaningful_errors;independent_transfer;open_review;Q4/Q5,partial_original_theory;not_Q1_complete,bounded_practice_ready;not_all_required_labs,fixed_condition_only;explanation_and_independence_pending
CS01-core-practice-0.9.0,CS01-M03,CS01-M03-O02,core,fixed_condition;explanation;independent_transfer,CS01/CS01-core-practice-0.9.0/manifest.json#CS01-M03-O02-CODE/theory,CS01-M03-O02-CODE@0.1.0,c17-isolate-dev@0.1.0,fixed_condition:versioned_server_rule;explanation/independent_transfer:pending,CS01-control.json#CS01-M03-O02/base/1,CS01-control.json#CS01-M03-O02/base/0;CS01-control.json#CS01-M03-O02/upper-equal/2,upper-equal,wg14-n1570;wg14-n1570-control,unavailable_no_professional_signoff,not_applicable_no_signoff,consult_versioned_reports;fixtures_are_not_execution_passes,full_depth;alternative_correct_solution;two_meaningful_errors;independent_transfer;open_review;Q4/Q5,partial_original_theory;not_Q1_complete,bounded_practice_ready;not_all_required_labs,fixed_condition_only;explanation_and_independence_pending
CS01-core-practice-0.9.0,CS01-M03,CS01-M03-O03,core,fixed_condition;explanation;independent_transfer,CS01/CS01-core-practice-0.9.0/manifest.json#CS01-M03-O03-CODE/theory,CS01-M03-O03-CODE@0.1.0,c17-isolate-dev@0.1.0,fixed_condition:versioned_server_rule;explanation/independent_transfer:pending,CS01-control.json#CS01-M03-O03/base/1,CS01-control.json#CS01-M03-O03/base/0;CS01-control.json#CS01-M03-O03/changed-policy/12;CS01-control.json#CS01-M03-O03/minutes-30/4,minutes-29;minutes-30;minutes-31;minutes-59;minutes-61;changed-policy,wg14-n1570;wg14-n1570-control,unavailable_no_professional_signoff,not_applicable_no_signoff,consult_versioned_reports;fixtures_are_not_execution_passes,full_depth;alternative_correct_solution;two_meaningful_errors;independent_transfer;open_review;Q4/Q5,partial_original_theory;not_Q1_complete,bounded_practice_ready;not_all_required_labs,fixed_condition_only;explanation_and_independence_pending
CS01-core-practice-0.9.0,CS01-M04,CS01-M04-O01,core,fixed_condition;explanation;independent_transfer,CS01/CS01-core-practice-0.9.0/manifest.json#CS01-M04-O01-CODE/theory,CS01-M04-O01-CODE@0.1.0,c17-isolate-dev@0.1.0,fixed_condition:versioned_server_rule;explanation/independent_transfer:pending,CS01-control.json#CS01-M04-O01/base/1,CS01-control.json#CS01-M04-O01/base/0,empty-range,wg14-n1570;wg14-n1570-control,unavailable_no_professional_signoff,not_applicable_no_signoff,consult_versioned_reports;fixtures_are_not_execution_passes,full_depth;alternative_correct_solution;two_meaningful_errors;independent_transfer;open_review;Q4/Q5,partial_original_theory;not_Q1_complete,bounded_practice_ready;not_all_required_labs,fixed_condition_only;explanation_and_independence_pending
CS01-core-practice-0.9.0,CS01-M04,CS01-M04-O02,core,fixed_condition;explanation;independent_transfer,CS01/CS01-core-practice-0.9.0/manifest.json#CS01-M04-O02-CODE/theory,CS01-M04-O02-CODE@0.1.0,c17-isolate-dev@0.1.0,fixed_condition:versioned_server_rule;explanation/independent_transfer:pending,CS01-control.json#CS01-M04-O02/base/1,CS01-control.json#CS01-M04-O02/base/0;CS01-control.json#CS01-M04-O02/missing-termination/initial,zero-start;missing-termination,wg14-n1570;wg14-n1570-control,unavailable_no_professional_signoff,not_applicable_no_signoff,consult_versioned_reports;fixtures_are_not_execution_passes,full_depth;alternative_correct_solution;two_meaningful_errors;independent_transfer;open_review;Q4/Q5,partial_original_theory;not_Q1_complete,bounded_practice_ready;not_all_required_labs,fixed_condition_only;explanation_and_independence_pending
CS01-core-practice-0.9.0,CS01-M04,CS01-M04-O03,core,fixed_condition;explanation;independent_transfer,CS01/CS01-core-practice-0.9.0/manifest.json#CS01-M04-O03-CODE/theory,CS01-M04-O03-CODE@0.1.0,c17-isolate-dev@0.1.0,fixed_condition:versioned_server_rule;explanation/independent_transfer:pending,CS01-control.json#CS01-M04-O03/base/1,CS01-control.json#CS01-M04-O03/base/0,end-only;empty-input;ignore-after-end,wg14-n1570;wg14-n1570-control,unavailable_no_professional_signoff,not_applicable_no_signoff,consult_versioned_reports;fixtures_are_not_execution_passes,full_depth;alternative_correct_solution;two_meaningful_errors;independent_transfer;open_review;Q4/Q5,partial_original_theory;not_Q1_complete,bounded_practice_ready;not_all_required_labs,fixed_condition_only;explanation_and_independence_pending
CS01-core-practice-0.9.0,CS01-M05,CS01-M05-O01,core,fixed_condition;explanation;independent_transfer,CS01/CS01-core-practice-0.9.0/manifest.json#CS01-M05-O01-CODE/theory,CS01-M05-O01-CODE@0.1.0,c17-isolate-dev@0.1.0,fixed_condition:versioned_server_rule;explanation/independent_transfer:pending,CS01-functions.json#CS01-M05-O01/base/repaired,CS01-functions.json#CS01-M05-O01/base/initial;CS01-functions.json#CS01-M05-O01/negative-value/initial,negative-value,wg14-n1570-functions,unavailable_no_professional_signoff,not_applicable_no_signoff,consult_versioned_reports;fixtures_are_not_execution_passes,full_depth;alternative_correct_solution;two_meaningful_errors;independent_transfer;open_review;Q4/Q5,partial_original_theory;not_Q1_complete,bounded_practice_ready;not_all_required_labs,fixed_condition_only;explanation_and_independence_pending
CS01-core-practice-0.9.0,CS01-M05,CS01-M05-O02,core,fixed_condition;explanation;independent_transfer,CS01/CS01-core-practice-0.9.0/manifest.json#CS01-M05-O02-CODE/theory,CS01-M05-O02-CODE@0.1.0,c17-isolate-dev@0.1.0,fixed_condition:versioned_server_rule;explanation/independent_transfer:pending,CS01-functions.json#CS01-M05-O02/base/repaired,CS01-functions.json#CS01-M05-O02/base/initial;CS01-functions.json#CS01-M05-O02/zero-seed/initial,zero-seed,wg14-n1570-functions,unavailable_no_professional_signoff,not_applicable_no_signoff,consult_versioned_reports;fixtures_are_not_execution_passes,full_depth;alternative_correct_solution;two_meaningful_errors;independent_transfer;open_review;Q4/Q5,partial_original_theory;not_Q1_complete,bounded_practice_ready;not_all_required_labs,fixed_condition_only;explanation_and_independence_pending
CS01-core-practice-0.9.0,CS01-M05,CS01-M05-O03,core,fixed_condition;explanation;independent_transfer,CS01/CS01-core-practice-0.9.0/manifest.json#CS01-M05-O03-CODE/theory,CS01-M05-O03-CODE@0.1.0,c17-isolate-dev@0.1.0,fixed_condition:versioned_server_rule;explanation/independent_transfer:pending,CS01-functions.json#CS01-M05-O03/base/repaired,CS01-functions.json#CS01-M05-O03/base/initial;CS01-functions.json#CS01-M05-O03/zero-base/initial,zero-base;reject-negative;reject-large,wg14-n1570-functions,unavailable_no_professional_signoff,not_applicable_no_signoff,consult_versioned_reports;fixtures_are_not_execution_passes,full_depth;alternative_correct_solution;two_meaningful_errors;independent_transfer;open_review;Q4/Q5,partial_original_theory;not_Q1_complete,bounded_practice_ready;not_all_required_labs,fixed_condition_only;explanation_and_independence_pending
CS01-core-practice-0.9.0,CS01-M06,CS01-M06-O01,core,fixed_condition;explanation;independent_transfer,CS01/CS01-core-practice-0.9.0/manifest.json#CS01-M06-O01-CODE/theory,CS01-M06-O01-CODE@0.1.0,c17-isolate-dev@0.1.0,fixed_condition:versioned_server_rule;explanation/independent_transfer:pending,CS01-memory.json#CS01-M06-O01/base/repaired,CS01-memory.json#CS01-M06-O01/base/initial;CS01-memory.json#CS01-M06-O01/single-item/initial,empty-length;single-item,wg14-n1570-memory,unavailable_no_professional_signoff,not_applicable_no_signoff,consult_versioned_reports;fixtures_are_not_execution_passes,full_depth;alternative_correct_solution;two_meaningful_errors;independent_transfer;open_review;Q4/Q5,partial_original_theory;not_Q1_complete,bounded_practice_ready;not_all_required_labs,fixed_condition_only;explanation_and_independence_pending
CS01-core-practice-0.9.0,CS01-M06,CS01-M06-O02,core,fixed_condition;explanation;independent_transfer,CS01/CS01-core-practice-0.9.0/manifest.json#CS01-M06-O02-CODE/theory,CS01-M06-O02-CODE@0.1.0,c17-isolate-dev@0.1.0,fixed_condition:versioned_server_rule;explanation/independent_transfer:pending,CS01-memory.json#CS01-M06-O02/base/repaired,CS01-memory.json#CS01-M06-O02/base/initial;CS01-memory.json#CS01-M06-O02/empty-text/initial;CS01-memory.json#CS01-M06-O02/exact-fit/initial,exact-fit;empty-text,wg14-n1570-memory,unavailable_no_professional_signoff,not_applicable_no_signoff,consult_versioned_reports;fixtures_are_not_execution_passes,full_depth;alternative_correct_solution;two_meaningful_errors;independent_transfer;open_review;Q4/Q5,partial_original_theory;not_Q1_complete,bounded_practice_ready;not_all_required_labs,fixed_condition_only;explanation_and_independence_pending
CS01-core-practice-0.9.0,CS01-M06,CS01-M06-O03,core,fixed_condition;explanation;independent_transfer,CS01/CS01-core-practice-0.9.0/manifest.json#CS01-M06-O03-CODE/theory,CS01-M06-O03-CODE@0.1.0,c17-isolate-dev@0.1.0,fixed_condition:versioned_server_rule;explanation/independent_transfer:pending,CS01-memory.json#CS01-M06-O03/base/repaired,CS01-memory.json#CS01-M06-O03/base/initial,tail-insert;full-capacity;invalid-position,wg14-n1570-memory,unavailable_no_professional_signoff,not_applicable_no_signoff,consult_versioned_reports;fixtures_are_not_execution_passes,full_depth;alternative_correct_solution;two_meaningful_errors;independent_transfer;open_review;Q4/Q5,partial_original_theory;not_Q1_complete,bounded_practice_ready;not_all_required_labs,fixed_condition_only;explanation_and_independence_pending
CS01-core-practice-0.9.0,CS01-M07,CS01-M07-O01,core,fixed_condition;explanation;independent_transfer,CS01/CS01-core-practice-0.9.0/manifest.json#CS01-M07-O01-CODE/theory,CS01-M07-O01-CODE@0.1.0,c17-isolate-dev@0.1.0,fixed_condition:versioned_server_rule;explanation/independent_transfer:pending,CS01-memory.json#CS01-M07-O01/base/repaired,CS01-memory.json#CS01-M07-O01/base/initial;CS01-memory.json#CS01-M07-O01/distinct-object/initial,distinct-object,wg14-n1570-memory,unavailable_no_professional_signoff,not_applicable_no_signoff,consult_versioned_reports;fixtures_are_not_execution_passes,full_depth;alternative_correct_solution;two_meaningful_errors;independent_transfer;open_review;Q4/Q5,partial_original_theory;not_Q1_complete,bounded_practice_ready;not_all_required_labs,fixed_condition_only;explanation_and_independence_pending
CS01-core-practice-0.9.0,CS01-M07,CS01-M07-O02,core,fixed_condition;explanation;independent_transfer,CS01/CS01-core-practice-0.9.0/manifest.json#CS01-M07-O02-CODE/theory,CS01-M07-O02-CODE@0.1.0,c17-isolate-dev@0.1.0,fixed_condition:versioned_server_rule;explanation/independent_transfer:pending,CS01-memory.json#CS01-M07-O02/base/repaired,CS01-memory.json#CS01-M07-O02/base/initial;CS01-memory.json#CS01-M07-O02/injected-failure/initial,injected-failure,wg14-n1570-memory,unavailable_no_professional_signoff,not_applicable_no_signoff,consult_versioned_reports;fixtures_are_not_execution_passes,full_depth;alternative_correct_solution;two_meaningful_errors;independent_transfer;open_review;Q4/Q5,partial_original_theory;not_Q1_complete,bounded_practice_ready;not_all_required_labs,fixed_condition_only;explanation_and_independence_pending
CS01-core-practice-0.9.0,CS01-M07,CS01-M07-O03,core,fixed_condition;explanation;independent_transfer,CS01/CS01-core-practice-0.9.0/manifest.json#CS01-M07-O03-CODE/theory,CS01-M07-O03-CODE@0.1.0,c17-isolate-dev@0.1.0,fixed_condition:versioned_server_rule;explanation/independent_transfer:pending,CS01-memory.json#CS01-M07-O03/base/repaired,CS01-memory.json#CS01-M07-O03/base/initial;CS01-memory.json#CS01-M07-O03/zero-copy/initial,zero-copy,wg14-n1570-memory,unavailable_no_professional_signoff,not_applicable_no_signoff,consult_versioned_reports;fixtures_are_not_execution_passes,full_depth;alternative_correct_solution;two_meaningful_errors;independent_transfer;open_review;Q4/Q5,partial_original_theory;not_Q1_complete,bounded_practice_ready;not_all_required_labs,fixed_condition_only;explanation_and_independence_pending
CS01-core-practice-0.9.0,CS01-M08,CS01-M08-O01,core,fixed_condition;explanation;independent_transfer,CS01/CS01-core-practice-0.9.0/manifest.json#CS01-M08-O01-CODE/theory,CS01-M08-O01-CODE@0.1.0,c17-isolate-dev@0.1.0,fixed_condition:versioned_server_rule;explanation/independent_transfer:pending,CS01-records.json#CS01-M08-O01/base/repaired,CS01-records.json#CS01-M08-O01/base/initial;CS01-records.json#CS01-M08-O01/zero-score/initial,zero-score,wg14-n1570-records,unavailable_no_professional_signoff,not_applicable_no_signoff,consult_versioned_reports;fixtures_are_not_execution_passes,full_depth;alternative_correct_solution;two_meaningful_errors;independent_transfer;open_review;Q4/Q5,partial_original_theory;not_Q1_complete,bounded_practice_ready;not_all_required_labs,fixed_condition_only;explanation_and_independence_pending
CS01-core-practice-0.9.0,CS01-M08,CS01-M08-O02,core,fixed_condition;explanation;independent_transfer,CS01/CS01-core-practice-0.9.0/manifest.json#CS01-M08-O02-CODE/theory,CS01-M08-O02-CODE@0.1.0,c17-isolate-dev@0.1.0,fixed_condition:versioned_server_rule;explanation/independent_transfer:pending,CS01-records.json#CS01-M08-O02/base/repaired,CS01-records.json#CS01-M08-O02/base/initial;CS01-records.json#CS01-M08-O02/replace-display/initial,replace-display,wg14-n1570-records,unavailable_no_professional_signoff,not_applicable_no_signoff,consult_versioned_reports;fixtures_are_not_execution_passes,full_depth;alternative_correct_solution;two_meaningful_errors;independent_transfer;open_review;Q4/Q5,partial_original_theory;not_Q1_complete,bounded_practice_ready;not_all_required_labs,fixed_condition_only;explanation_and_independence_pending
CS01-core-practice-0.9.0,CS01-M08,CS01-M08-O03,core,fixed_condition;explanation;independent_transfer,CS01/CS01-core-practice-0.9.0/manifest.json#CS01-M08-O03-CODE/theory,CS01-M08-O03-CODE@0.1.0,c17-isolate-dev@0.1.0,fixed_condition:versioned_server_rule;explanation/independent_transfer:pending,CS01-records.json#CS01-M08-O03/base/repaired,CS01-records.json#CS01-M08-O03/base/initial;CS01-records.json#CS01-M08-O03/negative-score/initial,negative-score;lower-equal;upper-equal,wg14-n1570-records,unavailable_no_professional_signoff,not_applicable_no_signoff,consult_versioned_reports;fixtures_are_not_execution_passes,full_depth;alternative_correct_solution;two_meaningful_errors;independent_transfer;open_review;Q4/Q5,partial_original_theory;not_Q1_complete,bounded_practice_ready;not_all_required_labs,fixed_condition_only;explanation_and_independence_pending
CS01-core-practice-0.9.0,CS01-M09,CS01-M09-O01,core,fixed_condition;explanation;independent_transfer,CS01/CS01-core-practice-0.9.0/manifest.json#CS01-M09-O01-CODE/theory,CS01-M09-O01-CODE@0.1.0,c17-isolate-dev@0.1.0,fixed_condition:versioned_server_rule;explanation/independent_transfer:pending,CS01-files-testing.json#CS01-M09-O01/base/repaired,CS01-files-testing.json#CS01-M09-O01/base/initial,zero-score,wg14-n1570-files,unavailable_no_professional_signoff,not_applicable_no_signoff,consult_versioned_reports;fixtures_are_not_execution_passes,full_depth;alternative_correct_solution;two_meaningful_errors;independent_transfer;open_review;Q4/Q5,partial_original_theory;not_Q1_complete,bounded_practice_ready;not_all_required_labs,fixed_condition_only;explanation_and_independence_pending
CS01-core-practice-0.9.0,CS01-M09,CS01-M09-O02,core,fixed_condition;explanation;independent_transfer,CS01/CS01-core-practice-0.9.0/manifest.json#CS01-M09-O02-CODE/theory,CS01-M09-O02-CODE@0.1.0,c17-isolate-dev@0.1.0,fixed_condition:versioned_server_rule;explanation/independent_transfer:pending,CS01-files-testing.json#CS01-M09-O02/base/repaired,CS01-files-testing.json#CS01-M09-O02/base/initial,broken-line;missing-file,wg14-n1570-files,unavailable_no_professional_signoff,not_applicable_no_signoff,consult_versioned_reports;fixtures_are_not_execution_passes,full_depth;alternative_correct_solution;two_meaningful_errors;independent_transfer;open_review;Q4/Q5,partial_original_theory;not_Q1_complete,bounded_practice_ready;not_all_required_labs,fixed_condition_only;explanation_and_independence_pending
CS01-core-practice-0.9.0,CS01-M09,CS01-M09-O03,core,fixed_condition;explanation;independent_transfer,CS01/CS01-core-practice-0.9.0/manifest.json#CS01-M09-O03-CODE/theory,CS01-M09-O03-CODE@0.1.0,c17-isolate-dev@0.1.0,fixed_condition:versioned_server_rule;explanation/independent_transfer:pending,CS01-files-testing.json#CS01-M09-O03/base/repaired,CS01-files-testing.json#CS01-M09-O03/base/initial,write-fail;valid-commit,wg14-n1570-files,unavailable_no_professional_signoff,not_applicable_no_signoff,consult_versioned_reports;fixtures_are_not_execution_passes,full_depth;alternative_correct_solution;two_meaningful_errors;independent_transfer;open_review;Q4/Q5,partial_original_theory;not_Q1_complete,bounded_practice_ready;not_all_required_labs,fixed_condition_only;explanation_and_independence_pending
CS01-core-practice-0.9.0,CS01-M10,CS01-M10-O01,core,fixed_condition;explanation;independent_transfer,CS01/CS01-core-practice-0.9.0/manifest.json#CS01-M10-O01-CODE/theory,CS01-M10-O01-CODE@0.1.0,c17-isolate-dev@0.1.0,fixed_condition:versioned_server_rule;explanation/independent_transfer:pending,CS01-files-testing.json#CS01-M10-O01/base/repaired,CS01-files-testing.json#CS01-M10-O01/base/initial;CS01-files-testing.json#CS01-M10-O01/different-baseline/initial,different-baseline,wg14-n1570-files,unavailable_no_professional_signoff,not_applicable_no_signoff,consult_versioned_reports;fixtures_are_not_execution_passes,full_depth;alternative_correct_solution;two_meaningful_errors;independent_transfer;open_review;Q4/Q5,partial_original_theory;not_Q1_complete,bounded_practice_ready;not_all_required_labs,fixed_condition_only;explanation_and_independence_pending
CS01-core-practice-0.9.0,CS01-M10,CS01-M10-O02,core,fixed_condition;explanation;independent_transfer,CS01/CS01-core-practice-0.9.0/manifest.json#CS01-M10-O02-CODE/theory,CS01-M10-O02-CODE@0.1.0,c17-isolate-dev@0.1.0,fixed_condition:versioned_server_rule;explanation/independent_transfer:pending,CS01-files-testing.json#CS01-M10-O02/base/repaired,CS01-files-testing.json#CS01-M10-O02/base/initial;CS01-files-testing.json#CS01-M10-O02/reverse-records/initial,reverse-records,wg14-n1570-files,unavailable_no_professional_signoff,not_applicable_no_signoff,consult_versioned_reports;fixtures_are_not_execution_passes,full_depth;alternative_correct_solution;two_meaningful_errors;independent_transfer;open_review;Q4/Q5,partial_original_theory;not_Q1_complete,bounded_practice_ready;not_all_required_labs,fixed_condition_only;explanation_and_independence_pending
CS01-core-practice-0.9.0,CS01-M10,CS01-M10-O03,core,fixed_condition;explanation;independent_transfer,CS01/CS01-core-practice-0.9.0/manifest.json#CS01-M10-O03-CODE/theory,CS01-M10-O03-CODE@0.2.0,c17-isolate-dev@0.1.0,fixed_condition:versioned_server_rule;explanation/independent_transfer:pending,CS01-files-testing.json#CS01-M10-O03/base/repaired;CS01-ledger.json#ledger-boundary/repaired;CS01-ledger.json#ledger-empty/repaired;CS01-ledger.json#ledger-recovery/repaired,CS01-files-testing.json#CS01-M10-O03/base/initial;CS01-files-testing.json#CS01-M10-O03/changed-record/initial;CS01-ledger.json#ledger-boundary/initial;CS01-ledger.json#ledger-empty/initial;CS01-ledger.json#ledger-recovery/initial,changed-record;ledger-recovery;ledger-empty;ledger-boundary,wg14-n1570-files,unavailable_no_professional_signoff,not_applicable_no_signoff,consult_versioned_reports;fixtures_are_not_execution_passes,full_depth;alternative_correct_solution;two_meaningful_errors;independent_transfer;open_review;Q4/Q5,partial_original_theory;not_Q1_complete,bounded_practice_ready;not_all_required_labs,fixed_condition_only;explanation_and_independence_pending
CS02-core-practice-0.2.0,CS02-M01,CS02-M01-O01,core,fixed_condition;explanation;independent_transfer,CS02/CS02-core-practice-0.2.0/manifest.json#CS02-M01-O01-CODE/theory,CS02-M01-O01-CODE@0.1.0,java21-isolate-dev@0.1.0,fixed_condition:versioned_server_rule;explanation/independent_transfer:pending,CS02-core.json#CS02-M01-O01/base/repaired;CS02-core.json#CS02-M01-O01/changed-condition/repaired;CS02-project.json#CS02-M01-O01/base/repaired;CS02-project.json#CS02-M01-O01/changed-condition/repaired,CS02-core.json#CS02-M01-O01/base/initial;CS02-core.json#CS02-M01-O01/changed-condition/initial;CS02-project.json#CS02-M01-O01/base/initial;CS02-project.json#CS02-M01-O01/changed-condition/initial,changed-condition,jls21-classes,unavailable_no_professional_signoff,not_applicable_no_signoff,consult_versioned_reports;fixtures_are_not_execution_passes,full_depth;alternative_correct_solution;two_meaningful_errors;independent_transfer;open_review;Q4/Q5,partial_original_theory;not_Q1_complete,bounded_practice_ready;not_all_required_labs,fixed_condition_only;explanation_and_independence_pending
CS02-core-practice-0.2.0,CS02-M01,CS02-M01-O02,core,fixed_condition;explanation;independent_transfer,CS02/CS02-core-practice-0.2.0/manifest.json#CS02-M01-O02-CODE/theory,CS02-M01-O02-CODE@0.1.0,java21-isolate-dev@0.1.0,fixed_condition:versioned_server_rule;explanation/independent_transfer:pending,CS02-core.json#CS02-M01-O02/base/repaired;CS02-core.json#CS02-M01-O02/changed-condition/repaired;CS02-project.json#CS02-M01-O02/base/repaired;CS02-project.json#CS02-M01-O02/changed-condition/repaired,CS02-core.json#CS02-M01-O02/base/initial;CS02-core.json#CS02-M01-O02/changed-condition/initial;CS02-project.json#CS02-M01-O02/base/initial;CS02-project.json#CS02-M01-O02/changed-condition/initial,changed-condition,jls21-classes,unavailable_no_professional_signoff,not_applicable_no_signoff,consult_versioned_reports;fixtures_are_not_execution_passes,full_depth;alternative_correct_solution;two_meaningful_errors;independent_transfer;open_review;Q4/Q5,partial_original_theory;not_Q1_complete,bounded_practice_ready;not_all_required_labs,fixed_condition_only;explanation_and_independence_pending
CS02-core-practice-0.2.0,CS02-M01,CS02-M01-O03,core,fixed_condition;explanation;independent_transfer,CS02/CS02-core-practice-0.2.0/manifest.json#CS02-M01-O03-CODE/theory,CS02-M01-O03-CODE@0.1.0,java21-isolate-dev@0.1.0,fixed_condition:versioned_server_rule;explanation/independent_transfer:pending,CS02-core.json#CS02-M01-O03/base/repaired;CS02-core.json#CS02-M01-O03/changed-condition/repaired;CS02-project.json#CS02-M01-O03/base/repaired;CS02-project.json#CS02-M01-O03/changed-condition/repaired,CS02-core.json#CS02-M01-O03/base/initial;CS02-project.json#CS02-M01-O03/base/initial,changed-condition,jls21-classes,unavailable_no_professional_signoff,not_applicable_no_signoff,consult_versioned_reports;fixtures_are_not_execution_passes,full_depth;alternative_correct_solution;two_meaningful_errors;independent_transfer;open_review;Q4/Q5,partial_original_theory;not_Q1_complete,bounded_practice_ready;not_all_required_labs,fixed_condition_only;explanation_and_independence_pending
CS02-core-practice-0.2.0,CS02-M02,CS02-M02-O01,core,fixed_condition;explanation;independent_transfer,CS02/CS02-core-practice-0.2.0/manifest.json#CS02-M02-O01-CODE/theory,CS02-M02-O01-CODE@0.1.0,java21-isolate-dev@0.1.0,fixed_condition:versioned_server_rule;explanation/independent_transfer:pending,CS02-core.json#CS02-M02-O01/base/repaired;CS02-core.json#CS02-M02-O01/changed-condition/repaired;CS02-project.json#CS02-M02-O01/base/repaired;CS02-project.json#CS02-M02-O01/changed-condition/repaired,CS02-core.json#CS02-M02-O01/base/initial;CS02-core.json#CS02-M02-O01/changed-condition/initial;CS02-project.json#CS02-M02-O01/base/initial;CS02-project.json#CS02-M02-O01/changed-condition/initial,changed-condition,jls21-interfaces,unavailable_no_professional_signoff,not_applicable_no_signoff,consult_versioned_reports;fixtures_are_not_execution_passes,full_depth;alternative_correct_solution;two_meaningful_errors;independent_transfer;open_review;Q4/Q5,partial_original_theory;not_Q1_complete,bounded_practice_ready;not_all_required_labs,fixed_condition_only;explanation_and_independence_pending
CS02-core-practice-0.2.0,CS02-M02,CS02-M02-O02,core,fixed_condition;explanation;independent_transfer,CS02/CS02-core-practice-0.2.0/manifest.json#CS02-M02-O02-CODE/theory,CS02-M02-O02-CODE@0.1.0,java21-isolate-dev@0.1.0,fixed_condition:versioned_server_rule;explanation/independent_transfer:pending,CS02-core.json#CS02-M02-O02/base/repaired;CS02-core.json#CS02-M02-O02/changed-condition/repaired;CS02-project.json#CS02-M02-O02/base/repaired;CS02-project.json#CS02-M02-O02/changed-condition/repaired,CS02-core.json#CS02-M02-O02/base/initial;CS02-core.json#CS02-M02-O02/changed-condition/initial;CS02-project.json#CS02-M02-O02/base/initial;CS02-project.json#CS02-M02-O02/changed-condition/initial,changed-condition,jls21-classes,unavailable_no_professional_signoff,not_applicable_no_signoff,consult_versioned_reports;fixtures_are_not_execution_passes,full_depth;alternative_correct_solution;two_meaningful_errors;independent_transfer;open_review;Q4/Q5,partial_original_theory;not_Q1_complete,bounded_practice_ready;not_all_required_labs,fixed_condition_only;explanation_and_independence_pending
CS02-core-practice-0.2.0,CS02-M02,CS02-M02-O03,core,fixed_condition;explanation;independent_transfer,CS02/CS02-core-practice-0.2.0/manifest.json#CS02-M02-O03-CODE/theory,CS02-M02-O03-CODE@0.1.0,java21-isolate-dev@0.1.0,fixed_condition:versioned_server_rule;explanation/independent_transfer:pending,CS02-core.json#CS02-M02-O03/base/repaired;CS02-core.json#CS02-M02-O03/changed-condition/repaired;CS02-project.json#CS02-M02-O03/base/repaired;CS02-project.json#CS02-M02-O03/changed-condition/repaired,CS02-core.json#CS02-M02-O03/base/initial;CS02-core.json#CS02-M02-O03/changed-condition/initial;CS02-project.json#CS02-M02-O03/base/initial;CS02-project.json#CS02-M02-O03/changed-condition/initial,changed-condition,jls21-interfaces,unavailable_no_professional_signoff,not_applicable_no_signoff,consult_versioned_reports;fixtures_are_not_execution_passes,full_depth;alternative_correct_solution;two_meaningful_errors;independent_transfer;open_review;Q4/Q5,partial_original_theory;not_Q1_complete,bounded_practice_ready;not_all_required_labs,fixed_condition_only;explanation_and_independence_pending
CS02-core-practice-0.2.0,CS02-M03,CS02-M03-O01,core,fixed_condition;explanation;independent_transfer,CS02/CS02-core-practice-0.2.0/manifest.json#CS02-M03-O01-CODE/theory,CS02-M03-O01-CODE@0.1.0,java21-isolate-dev@0.1.0,fixed_condition:versioned_server_rule;explanation/independent_transfer:pending,CS02-core.json#CS02-M03-O01/base/repaired;CS02-core.json#CS02-M03-O01/changed-condition/repaired;CS02-project.json#CS02-M03-O01/base/repaired;CS02-project.json#CS02-M03-O01/changed-condition/repaired,CS02-core.json#CS02-M03-O01/base/initial;CS02-core.json#CS02-M03-O01/changed-condition/initial;CS02-project.json#CS02-M03-O01/base/initial;CS02-project.json#CS02-M03-O01/changed-condition/initial,changed-condition,jls21-interfaces,unavailable_no_professional_signoff,not_applicable_no_signoff,consult_versioned_reports;fixtures_are_not_execution_passes,full_depth;alternative_correct_solution;two_meaningful_errors;independent_transfer;open_review;Q4/Q5,partial_original_theory;not_Q1_complete,bounded_practice_ready;not_all_required_labs,fixed_condition_only;explanation_and_independence_pending
CS02-core-practice-0.2.0,CS02-M03,CS02-M03-O02,core,fixed_condition;explanation;independent_transfer,CS02/CS02-core-practice-0.2.0/manifest.json#CS02-M03-O02-CODE/theory,CS02-M03-O02-CODE@0.1.0,java21-isolate-dev@0.1.0,fixed_condition:versioned_server_rule;explanation/independent_transfer:pending,CS02-core.json#CS02-M03-O02/base/repaired;CS02-core.json#CS02-M03-O02/changed-condition/repaired;CS02-project.json#CS02-M03-O02/base/repaired;CS02-project.json#CS02-M03-O02/changed-condition/repaired,CS02-core.json#CS02-M03-O02/base/initial;CS02-project.json#CS02-M03-O02/base/initial,changed-condition,jls21-interfaces,unavailable_no_professional_signoff,not_applicable_no_signoff,consult_versioned_reports;fixtures_are_not_execution_passes,full_depth;alternative_correct_solution;two_meaningful_errors;independent_transfer;open_review;Q4/Q5,partial_original_theory;not_Q1_complete,bounded_practice_ready;not_all_required_labs,fixed_condition_only;explanation_and_independence_pending
CS02-core-practice-0.2.0,CS02-M03,CS02-M03-O03,core,fixed_condition;explanation;independent_transfer,CS02/CS02-core-practice-0.2.0/manifest.json#CS02-M03-O03-CODE/theory,CS02-M03-O03-CODE@0.1.0,java21-isolate-dev@0.1.0,fixed_condition:versioned_server_rule;explanation/independent_transfer:pending,CS02-core.json#CS02-M03-O03/base/repaired;CS02-core.json#CS02-M03-O03/changed-condition/repaired;CS02-project.json#CS02-M03-O03/base/repaired;CS02-project.json#CS02-M03-O03/changed-condition/repaired,CS02-core.json#CS02-M03-O03/base/initial;CS02-core.json#CS02-M03-O03/changed-condition/initial;CS02-project.json#CS02-M03-O03/base/initial;CS02-project.json#CS02-M03-O03/changed-condition/initial,changed-condition,jls21-interfaces,unavailable_no_professional_signoff,not_applicable_no_signoff,consult_versioned_reports;fixtures_are_not_execution_passes,full_depth;alternative_correct_solution;two_meaningful_errors;independent_transfer;open_review;Q4/Q5,partial_original_theory;not_Q1_complete,bounded_practice_ready;not_all_required_labs,fixed_condition_only;explanation_and_independence_pending
CS02-core-practice-0.2.0,CS02-M04,CS02-M04-O01,core,fixed_condition;explanation;independent_transfer,CS02/CS02-core-practice-0.2.0/manifest.json#CS02-M04-O01-CODE/theory,CS02-M04-O01-CODE@0.1.0,java21-isolate-dev@0.1.0,fixed_condition:versioned_server_rule;explanation/independent_transfer:pending,CS02-core.json#CS02-M04-O01/base/repaired;CS02-core.json#CS02-M04-O01/changed-condition/repaired;CS02-project.json#CS02-M04-O01/base/repaired;CS02-project.json#CS02-M04-O01/changed-condition/repaired,CS02-core.json#CS02-M04-O01/base/initial;CS02-project.json#CS02-M04-O01/base/initial,changed-condition,java21-collections,unavailable_no_professional_signoff,not_applicable_no_signoff,consult_versioned_reports;fixtures_are_not_execution_passes,full_depth;alternative_correct_solution;two_meaningful_errors;independent_transfer;open_review;Q4/Q5,partial_original_theory;not_Q1_complete,bounded_practice_ready;not_all_required_labs,fixed_condition_only;explanation_and_independence_pending
CS02-core-practice-0.2.0,CS02-M04,CS02-M04-O02,core,fixed_condition;explanation;independent_transfer,CS02/CS02-core-practice-0.2.0/manifest.json#CS02-M04-O02-CODE/theory,CS02-M04-O02-CODE@0.1.0,java21-isolate-dev@0.1.0,fixed_condition:versioned_server_rule;explanation/independent_transfer:pending,CS02-core.json#CS02-M04-O02/base/repaired;CS02-core.json#CS02-M04-O02/changed-condition/repaired;CS02-project.json#CS02-M04-O02/base/repaired;CS02-project.json#CS02-M04-O02/changed-condition/repaired,CS02-core.json#CS02-M04-O02/base/initial;CS02-core.json#CS02-M04-O02/changed-condition/initial;CS02-project.json#CS02-M04-O02/base/initial;CS02-project.json#CS02-M04-O02/changed-condition/initial,changed-condition,java21-collections,unavailable_no_professional_signoff,not_applicable_no_signoff,consult_versioned_reports;fixtures_are_not_execution_passes,full_depth;alternative_correct_solution;two_meaningful_errors;independent_transfer;open_review;Q4/Q5,partial_original_theory;not_Q1_complete,bounded_practice_ready;not_all_required_labs,fixed_condition_only;explanation_and_independence_pending
CS02-core-practice-0.2.0,CS02-M04,CS02-M04-O03,core,fixed_condition;explanation;independent_transfer,CS02/CS02-core-practice-0.2.0/manifest.json#CS02-M04-O03-CODE/theory,CS02-M04-O03-CODE@0.1.0,java21-isolate-dev@0.1.0,fixed_condition:versioned_server_rule;explanation/independent_transfer:pending,CS02-core.json#CS02-M04-O03/base/repaired;CS02-core.json#CS02-M04-O03/changed-condition/repaired;CS02-project.json#CS02-M04-O03/base/repaired;CS02-project.json#CS02-M04-O03/changed-condition/repaired,CS02-core.json#CS02-M04-O03/base/initial;CS02-core.json#CS02-M04-O03/changed-condition/initial;CS02-project.json#CS02-M04-O03/base/initial;CS02-project.json#CS02-M04-O03/changed-condition/initial,changed-condition,java21-object,unavailable_no_professional_signoff,not_applicable_no_signoff,consult_versioned_reports;fixtures_are_not_execution_passes,full_depth;alternative_correct_solution;two_meaningful_errors;independent_transfer;open_review;Q4/Q5,partial_original_theory;not_Q1_complete,bounded_practice_ready;not_all_required_labs,fixed_condition_only;explanation_and_independence_pending
CS02-core-practice-0.2.0,CS02-M05,CS02-M05-O01,core,fixed_condition;explanation;independent_transfer,CS02/CS02-core-practice-0.2.0/manifest.json#CS02-M05-O01-CODE/theory,CS02-M05-O01-CODE@0.1.0,java21-isolate-dev@0.1.0,fixed_condition:versioned_server_rule;explanation/independent_transfer:pending,CS02-core.json#CS02-M05-O01/base/repaired;CS02-core.json#CS02-M05-O01/changed-condition/repaired;CS02-project.json#CS02-M05-O01/base/repaired;CS02-project.json#CS02-M05-O01/changed-condition/repaired,CS02-core.json#CS02-M05-O01/base/initial;CS02-core.json#CS02-M05-O01/changed-condition/initial;CS02-project.json#CS02-M05-O01/base/initial;CS02-project.json#CS02-M05-O01/changed-condition/initial,changed-condition,jls21-resources,unavailable_no_professional_signoff,not_applicable_no_signoff,consult_versioned_reports;fixtures_are_not_execution_passes,full_depth;alternative_correct_solution;two_meaningful_errors;independent_transfer;open_review;Q4/Q5,partial_original_theory;not_Q1_complete,bounded_practice_ready;not_all_required_labs,fixed_condition_only;explanation_and_independence_pending
CS02-core-practice-0.2.0,CS02-M05,CS02-M05-O02,core,fixed_condition;explanation;independent_transfer,CS02/CS02-core-practice-0.2.0/manifest.json#CS02-M05-O02-CODE/theory,CS02-M05-O02-CODE@0.1.0,java21-isolate-dev@0.1.0,fixed_condition:versioned_server_rule;explanation/independent_transfer:pending,CS02-core.json#CS02-M05-O02/base/repaired;CS02-core.json#CS02-M05-O02/changed-condition/repaired;CS02-project.json#CS02-M05-O02/base/repaired;CS02-project.json#CS02-M05-O02/changed-condition/repaired,CS02-core.json#CS02-M05-O02/base/initial;CS02-project.json#CS02-M05-O02/base/initial,changed-condition,jls21-resources,unavailable_no_professional_signoff,not_applicable_no_signoff,consult_versioned_reports;fixtures_are_not_execution_passes,full_depth;alternative_correct_solution;two_meaningful_errors;independent_transfer;open_review;Q4/Q5,partial_original_theory;not_Q1_complete,bounded_practice_ready;not_all_required_labs,fixed_condition_only;explanation_and_independence_pending
CS02-core-practice-0.2.0,CS02-M05,CS02-M05-O03,core,fixed_condition;explanation;independent_transfer,CS02/CS02-core-practice-0.2.0/manifest.json#CS02-M05-O03-CODE/theory,CS02-M05-O03-CODE@0.1.0,java21-isolate-dev@0.1.0,fixed_condition:versioned_server_rule;explanation/independent_transfer:pending,CS02-core.json#CS02-M05-O03/base/repaired;CS02-core.json#CS02-M05-O03/changed-condition/repaired;CS02-project.json#CS02-M05-O03/base/repaired;CS02-project.json#CS02-M05-O03/changed-condition/repaired,CS02-core.json#CS02-M05-O03/base/initial;CS02-core.json#CS02-M05-O03/changed-condition/initial;CS02-project.json#CS02-M05-O03/base/initial;CS02-project.json#CS02-M05-O03/changed-condition/initial,changed-condition,jls21-resources,unavailable_no_professional_signoff,not_applicable_no_signoff,consult_versioned_reports;fixtures_are_not_execution_passes,full_depth;alternative_correct_solution;two_meaningful_errors;independent_transfer;open_review;Q4/Q5,partial_original_theory;not_Q1_complete,bounded_practice_ready;not_all_required_labs,fixed_condition_only;explanation_and_independence_pending
CS02-core-practice-0.2.0,CS02-M06,CS02-M06-O01,core,fixed_condition;explanation;independent_transfer,CS02/CS02-core-practice-0.2.0/manifest.json#CS02-M06-O01-CODE/theory,CS02-M06-O01-CODE@0.1.0,java21-isolate-dev@0.1.0,fixed_condition:versioned_server_rule;explanation/independent_transfer:pending,CS02-core.json#CS02-M06-O01/base/repaired;CS02-core.json#CS02-M06-O01/changed-condition/repaired;CS02-project.json#CS02-M06-O01/base/repaired;CS02-project.json#CS02-M06-O01/changed-condition/repaired,CS02-core.json#CS02-M06-O01/base/initial;CS02-core.json#CS02-M06-O01/changed-condition/initial;CS02-project.json#CS02-M06-O01/base/initial;CS02-project.json#CS02-M06-O01/changed-condition/initial,changed-condition,java21-collections,unavailable_no_professional_signoff,not_applicable_no_signoff,consult_versioned_reports;fixtures_are_not_execution_passes,full_depth;alternative_correct_solution;two_meaningful_errors;independent_transfer;open_review;Q4/Q5,partial_original_theory;not_Q1_complete,bounded_practice_ready;not_all_required_labs,fixed_condition_only;explanation_and_independence_pending
CS02-core-practice-0.2.0,CS02-M06,CS02-M06-O02,core,fixed_condition;explanation;independent_transfer,CS02/CS02-core-practice-0.2.0/manifest.json#CS02-M06-O02-CODE/theory,CS02-M06-O02-CODE@0.1.0,java21-isolate-dev@0.1.0,fixed_condition:versioned_server_rule;explanation/independent_transfer:pending,CS02-core.json#CS02-M06-O02/base/repaired;CS02-core.json#CS02-M06-O02/changed-condition/repaired;CS02-project.json#CS02-M06-O02/base/repaired;CS02-project.json#CS02-M06-O02/changed-condition/repaired,CS02-core.json#CS02-M06-O02/base/initial;CS02-core.json#CS02-M06-O02/changed-condition/initial;CS02-project.json#CS02-M06-O02/base/initial;CS02-project.json#CS02-M06-O02/changed-condition/initial,changed-condition,java21-collections,unavailable_no_professional_signoff,not_applicable_no_signoff,consult_versioned_reports;fixtures_are_not_execution_passes,full_depth;alternative_correct_solution;two_meaningful_errors;independent_transfer;open_review;Q4/Q5,partial_original_theory;not_Q1_complete,bounded_practice_ready;not_all_required_labs,fixed_condition_only;explanation_and_independence_pending
CS02-core-practice-0.2.0,CS02-M06,CS02-M06-O03,core,fixed_condition;explanation;independent_transfer,CS02/CS02-core-practice-0.2.0/manifest.json#CS02-M06-O03-CODE/theory,CS02-M06-O03-CODE@0.1.0,java21-isolate-dev@0.1.0,fixed_condition:versioned_server_rule;explanation/independent_transfer:pending,CS02-core.json#CS02-M06-O03/base/repaired;CS02-core.json#CS02-M06-O03/changed-condition/repaired;CS02-project.json#CS02-M06-O03/base/repaired;CS02-project.json#CS02-M06-O03/changed-condition/repaired,CS02-core.json#CS02-M06-O03/base/initial;CS02-core.json#CS02-M06-O03/changed-condition/initial;CS02-project.json#CS02-M06-O03/base/initial;CS02-project.json#CS02-M06-O03/changed-condition/initial,changed-condition,jls21-resources,unavailable_no_professional_signoff,not_applicable_no_signoff,consult_versioned_reports;fixtures_are_not_execution_passes,full_depth;alternative_correct_solution;two_meaningful_errors;independent_transfer;open_review;Q4/Q5,partial_original_theory;not_Q1_complete,bounded_practice_ready;not_all_required_labs,fixed_condition_only;explanation_and_independence_pending
CS02-core-practice-0.2.0,CS02-M07,CS02-M07-O01,core,fixed_condition;explanation;independent_transfer,CS02/CS02-core-practice-0.2.0/manifest.json#CS02-M07-O01-CODE/theory,CS02-M07-O01-CODE@0.1.0,java21-isolate-dev@0.1.0,fixed_condition:versioned_server_rule;explanation/independent_transfer:pending,CS02-core.json#CS02-M07-O01/base/repaired;CS02-core.json#CS02-M07-O01/changed-condition/repaired;CS02-project.json#CS02-M07-O01/base/repaired;CS02-project.json#CS02-M07-O01/changed-condition/repaired,CS02-core.json#CS02-M07-O01/base/initial;CS02-core.json#CS02-M07-O01/changed-condition/initial;CS02-project.json#CS02-M07-O01/base/initial;CS02-project.json#CS02-M07-O01/changed-condition/initial,changed-condition,jls21-classes,unavailable_no_professional_signoff,not_applicable_no_signoff,consult_versioned_reports;fixtures_are_not_execution_passes,full_depth;alternative_correct_solution;two_meaningful_errors;independent_transfer;open_review;Q4/Q5,partial_original_theory;not_Q1_complete,bounded_practice_ready;not_all_required_labs,fixed_condition_only;explanation_and_independence_pending
CS02-core-practice-0.2.0,CS02-M07,CS02-M07-O02,core,fixed_condition;explanation;independent_transfer,CS02/CS02-core-practice-0.2.0/manifest.json#CS02-M07-O02-CODE/theory,CS02-M07-O02-CODE@0.1.0,java21-isolate-dev@0.1.0,fixed_condition:versioned_server_rule;explanation/independent_transfer:pending,CS02-core.json#CS02-M07-O02/base/repaired;CS02-core.json#CS02-M07-O02/changed-condition/repaired;CS02-project.json#CS02-M07-O02/base/repaired;CS02-project.json#CS02-M07-O02/changed-condition/repaired,CS02-core.json#CS02-M07-O02/base/initial;CS02-core.json#CS02-M07-O02/changed-condition/initial;CS02-project.json#CS02-M07-O02/base/initial;CS02-project.json#CS02-M07-O02/changed-condition/initial,changed-condition,jls21-interfaces,unavailable_no_professional_signoff,not_applicable_no_signoff,consult_versioned_reports;fixtures_are_not_execution_passes,full_depth;alternative_correct_solution;two_meaningful_errors;independent_transfer;open_review;Q4/Q5,partial_original_theory;not_Q1_complete,bounded_practice_ready;not_all_required_labs,fixed_condition_only;explanation_and_independence_pending
CS02-core-practice-0.2.0,CS02-M07,CS02-M07-O03,core,fixed_condition;explanation;independent_transfer,CS02/CS02-core-practice-0.2.0/manifest.json#CS02-M07-O03-CODE/theory,CS02-M07-O03-CODE@0.1.0,java21-isolate-dev@0.1.0,fixed_condition:versioned_server_rule;explanation/independent_transfer:pending,CS02-core.json#CS02-M07-O03/base/repaired;CS02-core.json#CS02-M07-O03/changed-condition/repaired;CS02-project.json#CS02-M07-O03/base/repaired;CS02-project.json#CS02-M07-O03/changed-condition/repaired,CS02-core.json#CS02-M07-O03/base/initial;CS02-core.json#CS02-M07-O03/changed-condition/initial;CS02-project.json#CS02-M07-O03/base/initial;CS02-project.json#CS02-M07-O03/changed-condition/initial,changed-condition,java21-files,unavailable_no_professional_signoff,not_applicable_no_signoff,consult_versioned_reports;fixtures_are_not_execution_passes,full_depth;alternative_correct_solution;two_meaningful_errors;independent_transfer;open_review;Q4/Q5,partial_original_theory;not_Q1_complete,bounded_practice_ready;not_all_required_labs,fixed_condition_only;explanation_and_independence_pending
CS02-core-practice-0.2.0,CS02-M08,CS02-M08-O01,core,fixed_condition;explanation;independent_transfer,CS02/CS02-core-practice-0.2.0/manifest.json#CS02-M08-O01-CODE/theory,CS02-M08-O01-CODE@0.1.0,java21-isolate-dev@0.1.0,fixed_condition:versioned_server_rule;explanation/independent_transfer:pending,CS02-core.json#CS02-M08-O01/base/repaired;CS02-core.json#CS02-M08-O01/changed-condition/repaired;CS02-project.json#CS02-M08-O01/base/repaired;CS02-project.json#CS02-M08-O01/changed-condition/repaired,CS02-core.json#CS02-M08-O01/base/initial;CS02-core.json#CS02-M08-O01/changed-condition/initial;CS02-project.json#CS02-M08-O01/base/initial;CS02-project.json#CS02-M08-O01/changed-condition/initial,changed-condition,jls21-interfaces,unavailable_no_professional_signoff,not_applicable_no_signoff,consult_versioned_reports;fixtures_are_not_execution_passes,full_depth;alternative_correct_solution;two_meaningful_errors;independent_transfer;open_review;Q4/Q5,partial_original_theory;not_Q1_complete,bounded_practice_ready;not_all_required_labs,fixed_condition_only;explanation_and_independence_pending
CS02-core-practice-0.2.0,CS02-M08,CS02-M08-O02,core,fixed_condition;explanation;independent_transfer,CS02/CS02-core-practice-0.2.0/manifest.json#CS02-M08-O02-CODE/theory,CS02-M08-O02-CODE@0.1.0,java21-isolate-dev@0.1.0,fixed_condition:versioned_server_rule;explanation/independent_transfer:pending,CS02-core.json#CS02-M08-O02/base/repaired;CS02-core.json#CS02-M08-O02/changed-condition/repaired;CS02-project.json#CS02-M08-O02/base/repaired;CS02-project.json#CS02-M08-O02/changed-condition/repaired,CS02-core.json#CS02-M08-O02/base/initial;CS02-project.json#CS02-M08-O02/base/initial,changed-condition,jls21-classes,unavailable_no_professional_signoff,not_applicable_no_signoff,consult_versioned_reports;fixtures_are_not_execution_passes,full_depth;alternative_correct_solution;two_meaningful_errors;independent_transfer;open_review;Q4/Q5,partial_original_theory;not_Q1_complete,bounded_practice_ready;not_all_required_labs,fixed_condition_only;explanation_and_independence_pending
CS02-core-practice-0.2.0,CS02-M08,CS02-M08-O03,core,fixed_condition;explanation;independent_transfer,CS02/CS02-core-practice-0.2.0/manifest.json#CS02-M08-O03-CODE/theory,CS02-M08-O03-CODE@0.2.0,java21-isolate-dev@0.1.0,fixed_condition:versioned_server_rule;explanation/independent_transfer:pending,CS02-core.json#CS02-M08-O03/base/repaired;CS02-core.json#CS02-M08-O03/changed-condition/repaired;CS02-project.json#CS02-M08-O03/base/repaired;CS02-project.json#CS02-M08-O03/changed-condition/repaired;CS02-project.json#library-owner/repaired;CS02-project.json#library-two-borrowers/repaired,CS02-core.json#CS02-M08-O03/base/initial;CS02-core.json#CS02-M08-O03/changed-condition/initial;CS02-project.json#CS02-M08-O03/base/initial;CS02-project.json#CS02-M08-O03/changed-condition/initial;CS02-project.json#library-owner/initial;CS02-project.json#library-two-borrowers/initial,changed-condition;library-owner;library-two-borrowers,java21-collections;java21-library-files;java21-records,unavailable_no_professional_signoff,not_applicable_no_signoff,consult_versioned_reports;fixtures_are_not_execution_passes,full_depth;alternative_correct_solution;two_meaningful_errors;independent_transfer;open_review;Q4/Q5,partial_original_theory;not_Q1_complete,bounded_practice_ready;not_all_required_labs,fixed_condition_only;explanation_and_independence_pending
CS03-core-practice-0.2.0,CS03-M01,CS03-M01-O01,core,fixed_condition;explanation;independent_transfer,CS03/CS03-core-practice-0.2.0/manifest.json#CS03-M01-O01-CODE/theory,CS03-M01-O01-CODE@0.1.0,cpp17-isolate-dev@0.1.0,fixed_condition:versioned_server_rule;explanation/independent_transfer:pending,CS03-core.json#CS03-M01-O01/base/repaired;CS03-core.json#CS03-M01-O01/changed-condition/repaired;CS03-linear.json#CS03-M01-O01/base/repaired;CS03-linear.json#CS03-M01-O01/changed-condition/repaired,CS03-core.json#CS03-M01-O01/base/initial;CS03-linear.json#CS03-M01-O01/base/initial,changed-condition,mit6006-sequences,unavailable_no_professional_signoff,not_applicable_no_signoff,consult_versioned_reports;fixtures_are_not_execution_passes,full_depth;alternative_correct_solution;two_meaningful_errors;independent_transfer;open_review;Q4/Q5,partial_original_theory;not_Q1_complete,bounded_practice_ready;not_all_required_labs,fixed_condition_only;explanation_and_independence_pending
CS03-core-practice-0.2.0,CS03-M01,CS03-M01-O02,core,fixed_condition;explanation;independent_transfer,CS03/CS03-core-practice-0.2.0/manifest.json#CS03-M01-O02-CODE/theory,CS03-M01-O02-CODE@0.1.0,cpp17-isolate-dev@0.1.0,fixed_condition:versioned_server_rule;explanation/independent_transfer:pending,CS03-core.json#CS03-M01-O02/base/repaired;CS03-core.json#CS03-M01-O02/changed-condition/repaired;CS03-linear.json#CS03-M01-O02/base/repaired;CS03-linear.json#CS03-M01-O02/changed-condition/repaired,CS03-core.json#CS03-M01-O02/base/initial;CS03-linear.json#CS03-M01-O02/base/initial,changed-condition,mit6006-sequences,unavailable_no_professional_signoff,not_applicable_no_signoff,consult_versioned_reports;fixtures_are_not_execution_passes,full_depth;alternative_correct_solution;two_meaningful_errors;independent_transfer;open_review;Q4/Q5,partial_original_theory;not_Q1_complete,bounded_practice_ready;not_all_required_labs,fixed_condition_only;explanation_and_independence_pending
CS03-core-practice-0.2.0,CS03-M01,CS03-M01-O03,core,fixed_condition;explanation;independent_transfer,CS03/CS03-core-practice-0.2.0/manifest.json#CS03-M01-O03-CODE/theory,CS03-M01-O03-CODE@0.1.0,cpp17-isolate-dev@0.1.0,fixed_condition:versioned_server_rule;explanation/independent_transfer:pending,CS03-core.json#CS03-M01-O03/base/repaired;CS03-core.json#CS03-M01-O03/changed-condition/repaired;CS03-linear.json#CS03-M01-O03/base/repaired;CS03-linear.json#CS03-M01-O03/changed-condition/repaired,CS03-core.json#CS03-M01-O03/base/initial;CS03-linear.json#CS03-M01-O03/base/initial,changed-condition,mit6006-sequences,unavailable_no_professional_signoff,not_applicable_no_signoff,consult_versioned_reports;fixtures_are_not_execution_passes,full_depth;alternative_correct_solution;two_meaningful_errors;independent_transfer;open_review;Q4/Q5,partial_original_theory;not_Q1_complete,bounded_practice_ready;not_all_required_labs,fixed_condition_only;explanation_and_independence_pending
CS03-core-practice-0.2.0,CS03-M02,CS03-M02-O01,core,fixed_condition;explanation;independent_transfer,CS03/CS03-core-practice-0.2.0/manifest.json#CS03-M02-O01-CODE/theory,CS03-M02-O01-CODE@0.1.0,cpp17-isolate-dev@0.1.0,fixed_condition:versioned_server_rule;explanation/independent_transfer:pending,CS03-core.json#CS03-M02-O01/base/repaired;CS03-core.json#CS03-M02-O01/changed-condition/repaired;CS03-linear.json#CS03-M02-O01/base/repaired;CS03-linear.json#CS03-M02-O01/changed-condition/repaired,CS03-core.json#CS03-M02-O01/base/initial;CS03-linear.json#CS03-M02-O01/base/initial,changed-condition,mit6006-sequences,unavailable_no_professional_signoff,not_applicable_no_signoff,consult_versioned_reports;fixtures_are_not_execution_passes,full_depth;alternative_correct_solution;two_meaningful_errors;independent_transfer;open_review;Q4/Q5,partial_original_theory;not_Q1_complete,bounded_practice_ready;not_all_required_labs,fixed_condition_only;explanation_and_independence_pending
CS03-core-practice-0.2.0,CS03-M02,CS03-M02-O02,core,fixed_condition;explanation;independent_transfer,CS03/CS03-core-practice-0.2.0/manifest.json#CS03-M02-O02-CODE/theory,CS03-M02-O02-CODE@0.1.0,cpp17-isolate-dev@0.1.0,fixed_condition:versioned_server_rule;explanation/independent_transfer:pending,CS03-core.json#CS03-M02-O02/base/repaired;CS03-core.json#CS03-M02-O02/changed-condition/repaired;CS03-linear.json#CS03-M02-O02/base/repaired;CS03-linear.json#CS03-M02-O02/changed-condition/repaired,CS03-core.json#CS03-M02-O02/base/initial;CS03-linear.json#CS03-M02-O02/base/initial,changed-condition,mit6006-sequences,unavailable_no_professional_signoff,not_applicable_no_signoff,consult_versioned_reports;fixtures_are_not_execution_passes,full_depth;alternative_correct_solution;two_meaningful_errors;independent_transfer;open_review;Q4/Q5,partial_original_theory;not_Q1_complete,bounded_practice_ready;not_all_required_labs,fixed_condition_only;explanation_and_independence_pending
CS03-core-practice-0.2.0,CS03-M02,CS03-M02-O03,core,fixed_condition;explanation;independent_transfer,CS03/CS03-core-practice-0.2.0/manifest.json#CS03-M02-O03-CODE/theory,CS03-M02-O03-CODE@0.1.0,cpp17-isolate-dev@0.1.0,fixed_condition:versioned_server_rule;explanation/independent_transfer:pending,CS03-core.json#CS03-M02-O03/base/repaired;CS03-core.json#CS03-M02-O03/changed-condition/repaired;CS03-linear.json#CS03-M02-O03/base/repaired;CS03-linear.json#CS03-M02-O03/changed-condition/repaired,CS03-core.json#CS03-M02-O03/base/initial;CS03-linear.json#CS03-M02-O03/base/initial,changed-condition,mit6006-sequences,unavailable_no_professional_signoff,not_applicable_no_signoff,consult_versioned_reports;fixtures_are_not_execution_passes,full_depth;alternative_correct_solution;two_meaningful_errors;independent_transfer;open_review;Q4/Q5,partial_original_theory;not_Q1_complete,bounded_practice_ready;not_all_required_labs,fixed_condition_only;explanation_and_independence_pending
CS03-core-practice-0.2.0,CS03-M03,CS03-M03-O01,core,fixed_condition;explanation;independent_transfer,CS03/CS03-core-practice-0.2.0/manifest.json#CS03-M03-O01-CODE/theory,CS03-M03-O01-CODE@0.1.0,cpp17-isolate-dev@0.1.0,fixed_condition:versioned_server_rule;explanation/independent_transfer:pending,CS03-core.json#CS03-M03-O01/base/repaired;CS03-core.json#CS03-M03-O01/changed-condition/repaired;CS03-linear.json#CS03-M03-O01/base/repaired;CS03-linear.json#CS03-M03-O01/changed-condition/repaired,CS03-core.json#CS03-M03-O01/base/initial;CS03-linear.json#CS03-M03-O01/base/initial,changed-condition,mit6006-sequences,unavailable_no_professional_signoff,not_applicable_no_signoff,consult_versioned_reports;fixtures_are_not_execution_passes,full_depth;alternative_correct_solution;two_meaningful_errors;independent_transfer;open_review;Q4/Q5,partial_original_theory;not_Q1_complete,bounded_practice_ready;not_all_required_labs,fixed_condition_only;explanation_and_independence_pending
CS03-core-practice-0.2.0,CS03-M03,CS03-M03-O02,core,fixed_condition;explanation;independent_transfer,CS03/CS03-core-practice-0.2.0/manifest.json#CS03-M03-O02-CODE/theory,CS03-M03-O02-CODE@0.1.0,cpp17-isolate-dev@0.1.0,fixed_condition:versioned_server_rule;explanation/independent_transfer:pending,CS03-core.json#CS03-M03-O02/base/repaired;CS03-core.json#CS03-M03-O02/changed-condition/repaired;CS03-linear.json#CS03-M03-O02/base/repaired;CS03-linear.json#CS03-M03-O02/changed-condition/repaired,CS03-core.json#CS03-M03-O02/base/initial;CS03-linear.json#CS03-M03-O02/base/initial,changed-condition,mit6006-sequences,unavailable_no_professional_signoff,not_applicable_no_signoff,consult_versioned_reports;fixtures_are_not_execution_passes,full_depth;alternative_correct_solution;two_meaningful_errors;independent_transfer;open_review;Q4/Q5,partial_original_theory;not_Q1_complete,bounded_practice_ready;not_all_required_labs,fixed_condition_only;explanation_and_independence_pending
CS03-core-practice-0.2.0,CS03-M03,CS03-M03-O03,core,fixed_condition;explanation;independent_transfer,CS03/CS03-core-practice-0.2.0/manifest.json#CS03-M03-O03-CODE/theory,CS03-M03-O03-CODE@0.1.0,cpp17-isolate-dev@0.1.0,fixed_condition:versioned_server_rule;explanation/independent_transfer:pending,CS03-core.json#CS03-M03-O03/base/repaired;CS03-core.json#CS03-M03-O03/changed-condition/repaired;CS03-linear.json#CS03-M03-O03/base/repaired;CS03-linear.json#CS03-M03-O03/changed-condition/repaired,CS03-core.json#CS03-M03-O03/base/initial;CS03-linear.json#CS03-M03-O03/base/initial,changed-condition,mit6006-sequences,unavailable_no_professional_signoff,not_applicable_no_signoff,consult_versioned_reports;fixtures_are_not_execution_passes,full_depth;alternative_correct_solution;two_meaningful_errors;independent_transfer;open_review;Q4/Q5,partial_original_theory;not_Q1_complete,bounded_practice_ready;not_all_required_labs,fixed_condition_only;explanation_and_independence_pending
CS03-core-practice-0.2.0,CS03-M04,CS03-M04-O01,core,fixed_condition;explanation;independent_transfer,CS03/CS03-core-practice-0.2.0/manifest.json#CS03-M04-O01-CODE/theory,CS03-M04-O01-CODE@0.1.0,cpp17-isolate-dev@0.1.0,fixed_condition:versioned_server_rule;explanation/independent_transfer:pending,CS03-core.json#CS03-M04-O01/base/repaired;CS03-core.json#CS03-M04-O01/changed-condition/repaired,CS03-core.json#CS03-M04-O01/base/initial,changed-condition,cornell-kmp,unavailable_no_professional_signoff,not_applicable_no_signoff,consult_versioned_reports;fixtures_are_not_execution_passes,full_depth;alternative_correct_solution;two_meaningful_errors;independent_transfer;open_review;Q4/Q5,partial_original_theory;not_Q1_complete,bounded_practice_ready;not_all_required_labs,fixed_condition_only;explanation_and_independence_pending
CS03-core-practice-0.2.0,CS03-M04,CS03-M04-O02,core,fixed_condition;explanation;independent_transfer,CS03/CS03-core-practice-0.2.0/manifest.json#CS03-M04-O02-CODE/theory,CS03-M04-O02-CODE@0.1.0,cpp17-isolate-dev@0.1.0,fixed_condition:versioned_server_rule;explanation/independent_transfer:pending,CS03-core.json#CS03-M04-O02/base/repaired;CS03-core.json#CS03-M04-O02/changed-condition/repaired,CS03-core.json#CS03-M04-O02/base/initial,changed-condition,cornell-kmp,unavailable_no_professional_signoff,not_applicable_no_signoff,consult_versioned_reports;fixtures_are_not_execution_passes,full_depth;alternative_correct_solution;two_meaningful_errors;independent_transfer;open_review;Q4/Q5,partial_original_theory;not_Q1_complete,bounded_practice_ready;not_all_required_labs,fixed_condition_only;explanation_and_independence_pending
CS03-core-practice-0.2.0,CS03-M04,CS03-M04-O03,core,fixed_condition;explanation;independent_transfer,CS03/CS03-core-practice-0.2.0/manifest.json#CS03-M04-O03-CODE/theory,CS03-M04-O03-CODE@0.1.0,cpp17-isolate-dev@0.1.0,fixed_condition:versioned_server_rule;explanation/independent_transfer:pending,CS03-core.json#CS03-M04-O03/base/repaired;CS03-core.json#CS03-M04-O03/changed-condition/repaired,CS03-core.json#CS03-M04-O03/base/initial,changed-condition,scipy-coo,unavailable_no_professional_signoff,not_applicable_no_signoff,consult_versioned_reports;fixtures_are_not_execution_passes,full_depth;alternative_correct_solution;two_meaningful_errors;independent_transfer;open_review;Q4/Q5,partial_original_theory;not_Q1_complete,bounded_practice_ready;not_all_required_labs,fixed_condition_only;explanation_and_independence_pending
CS03-core-practice-0.2.0,CS03-M05,CS03-M05-O01,core,fixed_condition;explanation;independent_transfer,CS03/CS03-core-practice-0.2.0/manifest.json#CS03-M05-O01-CODE/theory,CS03-M05-O01-CODE@0.1.0,cpp17-isolate-dev@0.1.0,fixed_condition:versioned_server_rule;explanation/independent_transfer:pending,CS03-core.json#CS03-M05-O01/base/repaired;CS03-core.json#CS03-M05-O01/changed-condition/repaired,CS03-core.json#CS03-M05-O01/base/initial;CS03-core.json#CS03-M05-O01/changed-condition/initial,changed-condition,mit-trees,unavailable_no_professional_signoff,not_applicable_no_signoff,consult_versioned_reports;fixtures_are_not_execution_passes,full_depth;alternative_correct_solution;two_meaningful_errors;independent_transfer;open_review;Q4/Q5,partial_original_theory;not_Q1_complete,bounded_practice_ready;not_all_required_labs,fixed_condition_only;explanation_and_independence_pending
CS03-core-practice-0.2.0,CS03-M05,CS03-M05-O02,core,fixed_condition;explanation;independent_transfer,CS03/CS03-core-practice-0.2.0/manifest.json#CS03-M05-O02-CODE/theory,CS03-M05-O02-CODE@0.1.0,cpp17-isolate-dev@0.1.0,fixed_condition:versioned_server_rule;explanation/independent_transfer:pending,CS03-core.json#CS03-M05-O02/base/repaired;CS03-core.json#CS03-M05-O02/changed-condition/repaired,CS03-core.json#CS03-M05-O02/base/initial,changed-condition,mit-trees,unavailable_no_professional_signoff,not_applicable_no_signoff,consult_versioned_reports;fixtures_are_not_execution_passes,full_depth;alternative_correct_solution;two_meaningful_errors;independent_transfer;open_review;Q4/Q5,partial_original_theory;not_Q1_complete,bounded_practice_ready;not_all_required_labs,fixed_condition_only;explanation_and_independence_pending
CS03-core-practice-0.2.0,CS03-M05,CS03-M05-O03,core,fixed_condition;explanation;independent_transfer,CS03/CS03-core-practice-0.2.0/manifest.json#CS03-M05-O03-CODE/theory,CS03-M05-O03-CODE@0.1.0,cpp17-isolate-dev@0.1.0,fixed_condition:versioned_server_rule;explanation/independent_transfer:pending,CS03-core.json#CS03-M05-O03/base/repaired;CS03-core.json#CS03-M05-O03/changed-condition/repaired,CS03-core.json#CS03-M05-O03/base/initial,changed-condition,odsa-huffman,unavailable_no_professional_signoff,not_applicable_no_signoff,consult_versioned_reports;fixtures_are_not_execution_passes,full_depth;alternative_correct_solution;two_meaningful_errors;independent_transfer;open_review;Q4/Q5,partial_original_theory;not_Q1_complete,bounded_practice_ready;not_all_required_labs,fixed_condition_only;explanation_and_independence_pending
CS03-core-practice-0.2.0,CS03-M06,CS03-M06-O01,core,fixed_condition;explanation;independent_transfer,CS03/CS03-core-practice-0.2.0/manifest.json#CS03-M06-O01-CODE/theory,CS03-M06-O01-CODE@0.1.0,cpp17-isolate-dev@0.1.0,fixed_condition:versioned_server_rule;explanation/independent_transfer:pending,CS03-core.json#CS03-M06-O01/base/repaired;CS03-core.json#CS03-M06-O01/changed-condition/repaired,CS03-core.json#CS03-M06-O01/base/initial,changed-condition,mit-trees,unavailable_no_professional_signoff,not_applicable_no_signoff,consult_versioned_reports;fixtures_are_not_execution_passes,full_depth;alternative_correct_solution;two_meaningful_errors;independent_transfer;open_review;Q4/Q5,partial_original_theory;not_Q1_complete,bounded_practice_ready;not_all_required_labs,fixed_condition_only;explanation_and_independence_pending
CS03-core-practice-0.2.0,CS03-M06,CS03-M06-O02,core,fixed_condition;explanation;independent_transfer,CS03/CS03-core-practice-0.2.0/manifest.json#CS03-M06-O02-CODE/theory,CS03-M06-O02-CODE@0.1.0,cpp17-isolate-dev@0.1.0,fixed_condition:versioned_server_rule;explanation/independent_transfer:pending,CS03-core.json#CS03-M06-O02/base/repaired;CS03-core.json#CS03-M06-O02/changed-condition/repaired,CS03-core.json#CS03-M06-O02/base/initial,changed-condition,mit-avl,unavailable_no_professional_signoff,not_applicable_no_signoff,consult_versioned_reports;fixtures_are_not_execution_passes,full_depth;alternative_correct_solution;two_meaningful_errors;independent_transfer;open_review;Q4/Q5,partial_original_theory;not_Q1_complete,bounded_practice_ready;not_all_required_labs,fixed_condition_only;explanation_and_independence_pending
CS03-core-practice-0.2.0,CS03-M06,CS03-M06-O03,core,fixed_condition;explanation;independent_transfer,CS03/CS03-core-practice-0.2.0/manifest.json#CS03-M06-O03-CODE/theory,CS03-M06-O03-CODE@0.1.0,cpp17-isolate-dev@0.1.0,fixed_condition:versioned_server_rule;explanation/independent_transfer:pending,CS03-core.json#CS03-M06-O03/base/repaired;CS03-core.json#CS03-M06-O03/changed-condition/repaired,CS03-core.json#CS03-M06-O03/base/initial;CS03-core.json#CS03-M06-O03/changed-condition/initial,changed-condition,cmu-bplus,unavailable_no_professional_signoff,not_applicable_no_signoff,consult_versioned_reports;fixtures_are_not_execution_passes,full_depth;alternative_correct_solution;two_meaningful_errors;independent_transfer;open_review;Q4/Q5,partial_original_theory;not_Q1_complete,bounded_practice_ready;not_all_required_labs,fixed_condition_only;explanation_and_independence_pending
CS03-core-practice-0.2.0,CS03-M07,CS03-M07-O01,core,fixed_condition;explanation;independent_transfer,CS03/CS03-core-practice-0.2.0/manifest.json#CS03-M07-O01-CODE/theory,CS03-M07-O01-CODE@0.1.0,cpp17-isolate-dev@0.1.0,fixed_condition:versioned_server_rule;explanation/independent_transfer:pending,CS03-core.json#CS03-M07-O01/base/repaired;CS03-core.json#CS03-M07-O01/changed-condition/repaired,CS03-core.json#CS03-M07-O01/base/initial,changed-condition,mit-bfs,unavailable_no_professional_signoff,not_applicable_no_signoff,consult_versioned_reports;fixtures_are_not_execution_passes,full_depth;alternative_correct_solution;two_meaningful_errors;independent_transfer;open_review;Q4/Q5,partial_original_theory;not_Q1_complete,bounded_practice_ready;not_all_required_labs,fixed_condition_only;explanation_and_independence_pending
CS03-core-practice-0.2.0,CS03-M07,CS03-M07-O02,core,fixed_condition;explanation;independent_transfer,CS03/CS03-core-practice-0.2.0/manifest.json#CS03-M07-O02-CODE/theory,CS03-M07-O02-CODE@0.1.0,cpp17-isolate-dev@0.1.0,fixed_condition:versioned_server_rule;explanation/independent_transfer:pending,CS03-core.json#CS03-M07-O02/base/repaired;CS03-core.json#CS03-M07-O02/changed-condition/repaired,CS03-core.json#CS03-M07-O02/base/initial,changed-condition,mit-bfs,unavailable_no_professional_signoff,not_applicable_no_signoff,consult_versioned_reports;fixtures_are_not_execution_passes,full_depth;alternative_correct_solution;two_meaningful_errors;independent_transfer;open_review;Q4/Q5,partial_original_theory;not_Q1_complete,bounded_practice_ready;not_all_required_labs,fixed_condition_only;explanation_and_independence_pending
CS03-core-practice-0.2.0,CS03-M07,CS03-M07-O03,core,fixed_condition;explanation;independent_transfer,CS03/CS03-core-practice-0.2.0/manifest.json#CS03-M07-O03-CODE/theory,CS03-M07-O03-CODE@0.1.0,cpp17-isolate-dev@0.1.0,fixed_condition:versioned_server_rule;explanation/independent_transfer:pending,CS03-core.json#CS03-M07-O03/base/repaired;CS03-core.json#CS03-M07-O03/changed-condition/repaired,CS03-core.json#CS03-M07-O03/base/initial,changed-condition,mit-dfs,unavailable_no_professional_signoff,not_applicable_no_signoff,consult_versioned_reports;fixtures_are_not_execution_passes,full_depth;alternative_correct_solution;two_meaningful_errors;independent_transfer;open_review;Q4/Q5,partial_original_theory;not_Q1_complete,bounded_practice_ready;not_all_required_labs,fixed_condition_only;explanation_and_independence_pending
CS03-core-practice-0.2.0,CS03-M08,CS03-M08-O01,core,fixed_condition;explanation;independent_transfer,CS03/CS03-core-practice-0.2.0/manifest.json#CS03-M08-O01-CODE/theory,CS03-M08-O01-CODE@0.1.0,cpp17-isolate-dev@0.1.0,fixed_condition:versioned_server_rule;explanation/independent_transfer:pending,CS03-core.json#CS03-M08-O01/base/repaired;CS03-core.json#CS03-M08-O01/changed-condition/repaired,CS03-core.json#CS03-M08-O01/base/initial,changed-condition,mit-dijkstra,unavailable_no_professional_signoff,not_applicable_no_signoff,consult_versioned_reports;fixtures_are_not_execution_passes,full_depth;alternative_correct_solution;two_meaningful_errors;independent_transfer;open_review;Q4/Q5,partial_original_theory;not_Q1_complete,bounded_practice_ready;not_all_required_labs,fixed_condition_only;explanation_and_independence_pending
CS03-core-practice-0.2.0,CS03-M08,CS03-M08-O02,core,fixed_condition;explanation;independent_transfer,CS03/CS03-core-practice-0.2.0/manifest.json#CS03-M08-O02-CODE/theory,CS03-M08-O02-CODE@0.1.0,cpp17-isolate-dev@0.1.0,fixed_condition:versioned_server_rule;explanation/independent_transfer:pending,CS03-core.json#CS03-M08-O02/base/repaired;CS03-core.json#CS03-M08-O02/changed-condition/repaired,CS03-core.json#CS03-M08-O02/base/initial,changed-condition,mit-dfs,unavailable_no_professional_signoff,not_applicable_no_signoff,consult_versioned_reports;fixtures_are_not_execution_passes,full_depth;alternative_correct_solution;two_meaningful_errors;independent_transfer;open_review;Q4/Q5,partial_original_theory;not_Q1_complete,bounded_practice_ready;not_all_required_labs,fixed_condition_only;explanation_and_independence_pending
CS03-core-practice-0.2.0,CS03-M08,CS03-M08-O03,core,fixed_condition;explanation;independent_transfer,CS03/CS03-core-practice-0.2.0/manifest.json#CS03-M08-O03-CODE/theory,CS03-M08-O03-CODE@0.1.0,cpp17-isolate-dev@0.1.0,fixed_condition:versioned_server_rule;explanation/independent_transfer:pending,CS03-core.json#CS03-M08-O03/base/repaired;CS03-core.json#CS03-M08-O03/changed-condition/repaired,CS03-core.json#CS03-M08-O03/base/initial,changed-condition,gordon-cpm,unavailable_no_professional_signoff,not_applicable_no_signoff,consult_versioned_reports;fixtures_are_not_execution_passes,full_depth;alternative_correct_solution;two_meaningful_errors;independent_transfer;open_review;Q4/Q5,partial_original_theory;not_Q1_complete,bounded_practice_ready;not_all_required_labs,fixed_condition_only;explanation_and_independence_pending
CS03-core-practice-0.2.0,CS03-M09,CS03-M09-O01,core,fixed_condition;explanation;independent_transfer,CS03/CS03-core-practice-0.2.0/manifest.json#CS03-M09-O01-CODE/theory,CS03-M09-O01-CODE@0.1.0,cpp17-isolate-dev@0.1.0,fixed_condition:versioned_server_rule;explanation/independent_transfer:pending,CS03-core.json#CS03-M09-O01/base/repaired;CS03-core.json#CS03-M09-O01/changed-condition/repaired,CS03-core.json#CS03-M09-O01/base/initial,changed-condition,cpp17-draft,unavailable_no_professional_signoff,not_applicable_no_signoff,consult_versioned_reports;fixtures_are_not_execution_passes,full_depth;alternative_correct_solution;two_meaningful_errors;independent_transfer;open_review;Q4/Q5,partial_original_theory;not_Q1_complete,bounded_practice_ready;not_all_required_labs,fixed_condition_only;explanation_and_independence_pending
CS03-core-practice-0.2.0,CS03-M09,CS03-M09-O02,core,fixed_condition;explanation;independent_transfer,CS03/CS03-core-practice-0.2.0/manifest.json#CS03-M09-O02-CODE/theory,CS03-M09-O02-CODE@0.1.0,cpp17-isolate-dev@0.1.0,fixed_condition:versioned_server_rule;explanation/independent_transfer:pending,CS03-core.json#CS03-M09-O02/base/repaired;CS03-core.json#CS03-M09-O02/changed-condition/repaired,CS03-core.json#CS03-M09-O02/base/initial,changed-condition,odsa-hash-delete,unavailable_no_professional_signoff,not_applicable_no_signoff,consult_versioned_reports;fixtures_are_not_execution_passes,full_depth;alternative_correct_solution;two_meaningful_errors;independent_transfer;open_review;Q4/Q5,partial_original_theory;not_Q1_complete,bounded_practice_ready;not_all_required_labs,fixed_condition_only;explanation_and_independence_pending
CS03-core-practice-0.2.0,CS03-M09,CS03-M09-O03,core,fixed_condition;explanation;independent_transfer,CS03/CS03-core-practice-0.2.0/manifest.json#CS03-M09-O03-CODE/theory,CS03-M09-O03-CODE@0.1.0,cpp17-isolate-dev@0.1.0,fixed_condition:versioned_server_rule;explanation/independent_transfer:pending,CS03-core.json#CS03-M09-O03/base/repaired;CS03-core.json#CS03-M09-O03/changed-condition/repaired,CS03-core.json#CS03-M09-O03/base/initial,changed-condition,mit-hash,unavailable_no_professional_signoff,not_applicable_no_signoff,consult_versioned_reports;fixtures_are_not_execution_passes,full_depth;alternative_correct_solution;two_meaningful_errors;independent_transfer;open_review;Q4/Q5,partial_original_theory;not_Q1_complete,bounded_practice_ready;not_all_required_labs,fixed_condition_only;explanation_and_independence_pending
CS03-core-practice-0.2.0,CS03-M10,CS03-M10-O01,core,fixed_condition;explanation;independent_transfer,CS03/CS03-core-practice-0.2.0/manifest.json#CS03-M10-O01-CODE/theory,CS03-M10-O01-CODE@0.1.0,cpp17-isolate-dev@0.1.0,fixed_condition:versioned_server_rule;explanation/independent_transfer:pending,CS03-core.json#CS03-M10-O01/base/repaired;CS03-core.json#CS03-M10-O01/changed-condition/repaired,CS03-core.json#CS03-M10-O01/base/initial,changed-condition,mit-sort,unavailable_no_professional_signoff,not_applicable_no_signoff,consult_versioned_reports;fixtures_are_not_execution_passes,full_depth;alternative_correct_solution;two_meaningful_errors;independent_transfer;open_review;Q4/Q5,partial_original_theory;not_Q1_complete,bounded_practice_ready;not_all_required_labs,fixed_condition_only;explanation_and_independence_pending
CS03-core-practice-0.2.0,CS03-M10,CS03-M10-O02,core,fixed_condition;explanation;independent_transfer,CS03/CS03-core-practice-0.2.0/manifest.json#CS03-M10-O02-CODE/theory,CS03-M10-O02-CODE@0.1.0,cpp17-isolate-dev@0.1.0,fixed_condition:versioned_server_rule;explanation/independent_transfer:pending,CS03-core.json#CS03-M10-O02/base/repaired;CS03-core.json#CS03-M10-O02/changed-condition/repaired,CS03-core.json#CS03-M10-O02/base/initial,changed-condition,mit-sort,unavailable_no_professional_signoff,not_applicable_no_signoff,consult_versioned_reports;fixtures_are_not_execution_passes,full_depth;alternative_correct_solution;two_meaningful_errors;independent_transfer;open_review;Q4/Q5,partial_original_theory;not_Q1_complete,bounded_practice_ready;not_all_required_labs,fixed_condition_only;explanation_and_independence_pending
CS03-core-practice-0.2.0,CS03-M10,CS03-M10-O03,core,fixed_condition;explanation;independent_transfer,CS03/CS03-core-practice-0.2.0/manifest.json#CS03-M10-O03-CODE/theory,CS03-M10-O03-CODE@0.1.0,cpp17-isolate-dev@0.1.0,fixed_condition:versioned_server_rule;explanation/independent_transfer:pending,CS03-core.json#CS03-M10-O03/base/repaired;CS03-core.json#CS03-M10-O03/changed-condition/repaired,CS03-core.json#CS03-M10-O03/base/initial,changed-condition,odsa-external,unavailable_no_professional_signoff,not_applicable_no_signoff,consult_versioned_reports;fixtures_are_not_execution_passes,full_depth;alternative_correct_solution;two_meaningful_errors;independent_transfer;open_review;Q4/Q5,partial_original_theory;not_Q1_complete,bounded_practice_ready;not_all_required_labs,fixed_condition_only;explanation_and_independence_pending
CS04-core-practice-0.2.0,CS04-M01,CS04-M01-O01,core,fixed_condition;explanation;independent_transfer,CS04/CS04-core-practice-0.2.0/manifest.json#CS04-M01-O01-CODE/theory,CS04-M01-O01-CODE@0.1.0,python313-isolate-dev@0.1.0,fixed_condition:versioned_server_rule;explanation/independent_transfer:pending,CS04-core.json#CS04-M01-O01/base/repaired;CS04-core.json#CS04-M01-O01/changed-condition/repaired;CS04-project.json#CS04-M01-O01/base/repaired;CS04-project.json#CS04-M01-O01/changed-condition/repaired,CS04-core.json#CS04-M01-O01/base/initial;CS04-core.json#CS04-M01-O01/changed-condition/initial;CS04-project.json#CS04-M01-O01/base/initial;CS04-project.json#CS04-M01-O01/changed-condition/initial,changed-condition,cornell-invariants,unavailable_no_professional_signoff,not_applicable_no_signoff,consult_versioned_reports;fixtures_are_not_execution_passes,full_depth;alternative_correct_solution;two_meaningful_errors;independent_transfer;open_review;Q4/Q5,partial_original_theory;not_Q1_complete,bounded_practice_ready;not_all_required_labs,fixed_condition_only;explanation_and_independence_pending
CS04-core-practice-0.2.0,CS04-M01,CS04-M01-O02,core,fixed_condition;explanation;independent_transfer,CS04/CS04-core-practice-0.2.0/manifest.json#CS04-M01-O02-CODE/theory,CS04-M01-O02-CODE@0.1.0,python313-isolate-dev@0.1.0,fixed_condition:versioned_server_rule;explanation/independent_transfer:pending,CS04-core.json#CS04-M01-O02/base/repaired;CS04-core.json#CS04-M01-O02/changed-condition/repaired;CS04-project.json#CS04-M01-O02/base/repaired;CS04-project.json#CS04-M01-O02/changed-condition/repaired,CS04-core.json#CS04-M01-O02/base/initial;CS04-project.json#CS04-M01-O02/base/initial,changed-condition,cornell-invariants,unavailable_no_professional_signoff,not_applicable_no_signoff,consult_versioned_reports;fixtures_are_not_execution_passes,full_depth;alternative_correct_solution;two_meaningful_errors;independent_transfer;open_review;Q4/Q5,partial_original_theory;not_Q1_complete,bounded_practice_ready;not_all_required_labs,fixed_condition_only;explanation_and_independence_pending
CS04-core-practice-0.2.0,CS04-M01,CS04-M01-O03,core,fixed_condition;explanation;independent_transfer,CS04/CS04-core-practice-0.2.0/manifest.json#CS04-M01-O03-CODE/theory,CS04-M01-O03-CODE@0.1.0,python313-isolate-dev@0.1.0,fixed_condition:versioned_server_rule;explanation/independent_transfer:pending,CS04-core.json#CS04-M01-O03/base/repaired;CS04-core.json#CS04-M01-O03/changed-condition/repaired;CS04-project.json#CS04-M01-O03/base/repaired;CS04-project.json#CS04-M01-O03/changed-condition/repaired,CS04-core.json#CS04-M01-O03/base/initial;CS04-core.json#CS04-M01-O03/changed-condition/initial;CS04-project.json#CS04-M01-O03/base/initial;CS04-project.json#CS04-M01-O03/changed-condition/initial,changed-condition,mit-merge,unavailable_no_professional_signoff,not_applicable_no_signoff,consult_versioned_reports;fixtures_are_not_execution_passes,full_depth;alternative_correct_solution;two_meaningful_errors;independent_transfer;open_review;Q4/Q5,partial_original_theory;not_Q1_complete,bounded_practice_ready;not_all_required_labs,fixed_condition_only;explanation_and_independence_pending
CS04-core-practice-0.2.0,CS04-M02,CS04-M02-O01,core,fixed_condition;explanation;independent_transfer,CS04/CS04-core-practice-0.2.0/manifest.json#CS04-M02-O01-CODE/theory,CS04-M02-O01-CODE@0.1.0,python313-isolate-dev@0.1.0,fixed_condition:versioned_server_rule;explanation/independent_transfer:pending,CS04-core.json#CS04-M02-O01/base/repaired;CS04-core.json#CS04-M02-O01/changed-condition/repaired;CS04-project.json#CS04-M02-O01/base/repaired;CS04-project.json#CS04-M02-O01/changed-condition/repaired,CS04-core.json#CS04-M02-O01/base/initial;CS04-project.json#CS04-M02-O01/base/initial,changed-condition,mit-merge,unavailable_no_professional_signoff,not_applicable_no_signoff,consult_versioned_reports;fixtures_are_not_execution_passes,full_depth;alternative_correct_solution;two_meaningful_errors;independent_transfer;open_review;Q4/Q5,partial_original_theory;not_Q1_complete,bounded_practice_ready;not_all_required_labs,fixed_condition_only;explanation_and_independence_pending
CS04-core-practice-0.2.0,CS04-M02,CS04-M02-O02,core,fixed_condition;explanation;independent_transfer,CS04/CS04-core-practice-0.2.0/manifest.json#CS04-M02-O02-CODE/theory,CS04-M02-O02-CODE@0.1.0,python313-isolate-dev@0.1.0,fixed_condition:versioned_server_rule;explanation/independent_transfer:pending,CS04-core.json#CS04-M02-O02/base/repaired;CS04-core.json#CS04-M02-O02/changed-condition/repaired;CS04-project.json#CS04-M02-O02/base/repaired;CS04-project.json#CS04-M02-O02/changed-condition/repaired,CS04-core.json#CS04-M02-O02/base/initial;CS04-project.json#CS04-M02-O02/base/initial,changed-condition,mit-merge,unavailable_no_professional_signoff,not_applicable_no_signoff,consult_versioned_reports;fixtures_are_not_execution_passes,full_depth;alternative_correct_solution;two_meaningful_errors;independent_transfer;open_review;Q4/Q5,partial_original_theory;not_Q1_complete,bounded_practice_ready;not_all_required_labs,fixed_condition_only;explanation_and_independence_pending
CS04-core-practice-0.2.0,CS04-M02,CS04-M02-O03,core,fixed_condition;explanation;independent_transfer,CS04/CS04-core-practice-0.2.0/manifest.json#CS04-M02-O03-CODE/theory,CS04-M02-O03-CODE@0.1.0,python313-isolate-dev@0.1.0,fixed_condition:versioned_server_rule;explanation/independent_transfer:pending,CS04-core.json#CS04-M02-O03/base/repaired;CS04-core.json#CS04-M02-O03/changed-condition/repaired;CS04-project.json#CS04-M02-O03/base/repaired;CS04-project.json#CS04-M02-O03/changed-condition/repaired,CS04-core.json#CS04-M02-O03/base/initial;CS04-core.json#CS04-M02-O03/changed-condition/initial;CS04-project.json#CS04-M02-O03/base/initial;CS04-project.json#CS04-M02-O03/changed-condition/initial,changed-condition,mit-merge,unavailable_no_professional_signoff,not_applicable_no_signoff,consult_versioned_reports;fixtures_are_not_execution_passes,full_depth;alternative_correct_solution;two_meaningful_errors;independent_transfer;open_review;Q4/Q5,partial_original_theory;not_Q1_complete,bounded_practice_ready;not_all_required_labs,fixed_condition_only;explanation_and_independence_pending
CS04-core-practice-0.2.0,CS04-M03,CS04-M03-O01,core,fixed_condition;explanation;independent_transfer,CS04/CS04-core-practice-0.2.0/manifest.json#CS04-M03-O01-CODE/theory,CS04-M03-O01-CODE@0.1.0,python313-isolate-dev@0.1.0,fixed_condition:versioned_server_rule;explanation/independent_transfer:pending,CS04-core.json#CS04-M03-O01/base/repaired;CS04-core.json#CS04-M03-O01/changed-condition/repaired;CS04-project.json#CS04-M03-O01/base/repaired;CS04-project.json#CS04-M03-O01/changed-condition/repaired,CS04-core.json#CS04-M03-O01/base/initial;CS04-project.json#CS04-M03-O01/base/initial,changed-condition,mit-greedy,unavailable_no_professional_signoff,not_applicable_no_signoff,consult_versioned_reports;fixtures_are_not_execution_passes,full_depth;alternative_correct_solution;two_meaningful_errors;independent_transfer;open_review;Q4/Q5,partial_original_theory;not_Q1_complete,bounded_practice_ready;not_all_required_labs,fixed_condition_only;explanation_and_independence_pending
CS04-core-practice-0.2.0,CS04-M03,CS04-M03-O02,core,fixed_condition;explanation;independent_transfer,CS04/CS04-core-practice-0.2.0/manifest.json#CS04-M03-O02-CODE/theory,CS04-M03-O02-CODE@0.1.0,python313-isolate-dev@0.1.0,fixed_condition:versioned_server_rule;explanation/independent_transfer:pending,CS04-core.json#CS04-M03-O02/base/repaired;CS04-core.json#CS04-M03-O02/changed-condition/repaired;CS04-project.json#CS04-M03-O02/base/repaired;CS04-project.json#CS04-M03-O02/changed-condition/repaired,CS04-core.json#CS04-M03-O02/base/initial;CS04-project.json#CS04-M03-O02/base/initial,changed-condition,mit-greedy,unavailable_no_professional_signoff,not_applicable_no_signoff,consult_versioned_reports;fixtures_are_not_execution_passes,full_depth;alternative_correct_solution;two_meaningful_errors;independent_transfer;open_review;Q4/Q5,partial_original_theory;not_Q1_complete,bounded_practice_ready;not_all_required_labs,fixed_condition_only;explanation_and_independence_pending
CS04-core-practice-0.2.0,CS04-M03,CS04-M03-O03,core,fixed_condition;explanation;independent_transfer,CS04/CS04-core-practice-0.2.0/manifest.json#CS04-M03-O03-CODE/theory,CS04-M03-O03-CODE@0.1.0,python313-isolate-dev@0.1.0,fixed_condition:versioned_server_rule;explanation/independent_transfer:pending,CS04-core.json#CS04-M03-O03/base/repaired;CS04-core.json#CS04-M03-O03/changed-condition/repaired;CS04-project.json#CS04-M03-O03/base/repaired;CS04-project.json#CS04-M03-O03/changed-condition/repaired,CS04-core.json#CS04-M03-O03/base/initial;CS04-project.json#CS04-M03-O03/base/initial,changed-condition,mit-mst,unavailable_no_professional_signoff,not_applicable_no_signoff,consult_versioned_reports;fixtures_are_not_execution_passes,full_depth;alternative_correct_solution;two_meaningful_errors;independent_transfer;open_review;Q4/Q5,partial_original_theory;not_Q1_complete,bounded_practice_ready;not_all_required_labs,fixed_condition_only;explanation_and_independence_pending
CS04-core-practice-0.2.0,CS04-M04,CS04-M04-O01,core,fixed_condition;explanation;independent_transfer,CS04/CS04-core-practice-0.2.0/manifest.json#CS04-M04-O01-CODE/theory,CS04-M04-O01-CODE@0.1.0,python313-isolate-dev@0.1.0,fixed_condition:versioned_server_rule;explanation/independent_transfer:pending,CS04-core.json#CS04-M04-O01/base/repaired;CS04-core.json#CS04-M04-O01/changed-condition/repaired;CS04-project.json#CS04-M04-O01/base/repaired;CS04-project.json#CS04-M04-O01/changed-condition/repaired,CS04-core.json#CS04-M04-O01/base/initial;CS04-project.json#CS04-M04-O01/base/initial,changed-condition,mit-dp,unavailable_no_professional_signoff,not_applicable_no_signoff,consult_versioned_reports;fixtures_are_not_execution_passes,full_depth;alternative_correct_solution;two_meaningful_errors;independent_transfer;open_review;Q4/Q5,partial_original_theory;not_Q1_complete,bounded_practice_ready;not_all_required_labs,fixed_condition_only;explanation_and_independence_pending
CS04-core-practice-0.2.0,CS04-M04,CS04-M04-O02,core,fixed_condition;explanation;independent_transfer,CS04/CS04-core-practice-0.2.0/manifest.json#CS04-M04-O02-CODE/theory,CS04-M04-O02-CODE@0.1.0,python313-isolate-dev@0.1.0,fixed_condition:versioned_server_rule;explanation/independent_transfer:pending,CS04-core.json#CS04-M04-O02/base/repaired;CS04-core.json#CS04-M04-O02/changed-condition/repaired;CS04-project.json#CS04-M04-O02/base/repaired;CS04-project.json#CS04-M04-O02/changed-condition/repaired,CS04-core.json#CS04-M04-O02/base/initial;CS04-core.json#CS04-M04-O02/changed-condition/initial;CS04-project.json#CS04-M04-O02/base/initial;CS04-project.json#CS04-M04-O02/changed-condition/initial,changed-condition,mit-dp,unavailable_no_professional_signoff,not_applicable_no_signoff,consult_versioned_reports;fixtures_are_not_execution_passes,full_depth;alternative_correct_solution;two_meaningful_errors;independent_transfer;open_review;Q4/Q5,partial_original_theory;not_Q1_complete,bounded_practice_ready;not_all_required_labs,fixed_condition_only;explanation_and_independence_pending
CS04-core-practice-0.2.0,CS04-M04,CS04-M04-O03,core,fixed_condition;explanation;independent_transfer,CS04/CS04-core-practice-0.2.0/manifest.json#CS04-M04-O03-CODE/theory,CS04-M04-O03-CODE@0.1.0,python313-isolate-dev@0.1.0,fixed_condition:versioned_server_rule;explanation/independent_transfer:pending,CS04-core.json#CS04-M04-O03/base/repaired;CS04-core.json#CS04-M04-O03/changed-condition/repaired;CS04-project.json#CS04-M04-O03/base/repaired;CS04-project.json#CS04-M04-O03/changed-condition/repaired,CS04-core.json#CS04-M04-O03/base/initial;CS04-core.json#CS04-M04-O03/changed-condition/initial;CS04-project.json#CS04-M04-O03/base/initial;CS04-project.json#CS04-M04-O03/changed-condition/initial,changed-condition,mit-dp,unavailable_no_professional_signoff,not_applicable_no_signoff,consult_versioned_reports;fixtures_are_not_execution_passes,full_depth;alternative_correct_solution;two_meaningful_errors;independent_transfer;open_review;Q4/Q5,partial_original_theory;not_Q1_complete,bounded_practice_ready;not_all_required_labs,fixed_condition_only;explanation_and_independence_pending
CS04-core-practice-0.2.0,CS04-M05,CS04-M05-O01,core,fixed_condition;explanation;independent_transfer,CS04/CS04-core-practice-0.2.0/manifest.json#CS04-M05-O01-CODE/theory,CS04-M05-O01-CODE@0.1.0,python313-isolate-dev@0.1.0,fixed_condition:versioned_server_rule;explanation/independent_transfer:pending,CS04-core.json#CS04-M05-O01/base/repaired;CS04-core.json#CS04-M05-O01/changed-condition/repaired;CS04-project.json#CS04-M05-O01/base/repaired;CS04-project.json#CS04-M05-O01/changed-condition/repaired,CS04-core.json#CS04-M05-O01/base/initial;CS04-project.json#CS04-M05-O01/base/initial,changed-condition,stanford-search,unavailable_no_professional_signoff,not_applicable_no_signoff,consult_versioned_reports;fixtures_are_not_execution_passes,full_depth;alternative_correct_solution;two_meaningful_errors;independent_transfer;open_review;Q4/Q5,partial_original_theory;not_Q1_complete,bounded_practice_ready;not_all_required_labs,fixed_condition_only;explanation_and_independence_pending
CS04-core-practice-0.2.0,CS04-M05,CS04-M05-O02,core,fixed_condition;explanation;independent_transfer,CS04/CS04-core-practice-0.2.0/manifest.json#CS04-M05-O02-CODE/theory,CS04-M05-O02-CODE@0.1.0,python313-isolate-dev@0.1.0,fixed_condition:versioned_server_rule;explanation/independent_transfer:pending,CS04-core.json#CS04-M05-O02/base/repaired;CS04-core.json#CS04-M05-O02/changed-condition/repaired;CS04-project.json#CS04-M05-O02/base/repaired;CS04-project.json#CS04-M05-O02/changed-condition/repaired,CS04-core.json#CS04-M05-O02/base/initial;CS04-core.json#CS04-M05-O02/changed-condition/initial;CS04-project.json#CS04-M05-O02/base/initial;CS04-project.json#CS04-M05-O02/changed-condition/initial,changed-condition,stanford-search,unavailable_no_professional_signoff,not_applicable_no_signoff,consult_versioned_reports;fixtures_are_not_execution_passes,full_depth;alternative_correct_solution;two_meaningful_errors;independent_transfer;open_review;Q4/Q5,partial_original_theory;not_Q1_complete,bounded_practice_ready;not_all_required_labs,fixed_condition_only;explanation_and_independence_pending
CS04-core-practice-0.2.0,CS04-M05,CS04-M05-O03,core,fixed_condition;explanation;independent_transfer,CS04/CS04-core-practice-0.2.0/manifest.json#CS04-M05-O03-CODE/theory,CS04-M05-O03-CODE@0.1.0,python313-isolate-dev@0.1.0,fixed_condition:versioned_server_rule;explanation/independent_transfer:pending,CS04-core.json#CS04-M05-O03/base/repaired;CS04-core.json#CS04-M05-O03/changed-condition/repaired;CS04-project.json#CS04-M05-O03/base/repaired;CS04-project.json#CS04-M05-O03/changed-condition/repaired,CS04-core.json#CS04-M05-O03/base/initial;CS04-project.json#CS04-M05-O03/base/initial,changed-condition,stanford-search,unavailable_no_professional_signoff,not_applicable_no_signoff,consult_versioned_reports;fixtures_are_not_execution_passes,full_depth;alternative_correct_solution;two_meaningful_errors;independent_transfer;open_review;Q4/Q5,partial_original_theory;not_Q1_complete,bounded_practice_ready;not_all_required_labs,fixed_condition_only;explanation_and_independence_pending
CS04-core-practice-0.2.0,CS04-M06,CS04-M06-O01,core,fixed_condition;explanation;independent_transfer,CS04/CS04-core-practice-0.2.0/manifest.json#CS04-M06-O01-CODE/theory,CS04-M06-O01-CODE@0.1.0,python313-isolate-dev@0.1.0,fixed_condition:versioned_server_rule;explanation/independent_transfer:pending,CS04-core.json#CS04-M06-O01/base/repaired;CS04-core.json#CS04-M06-O01/changed-condition/repaired;CS04-project.json#CS04-M06-O01/base/repaired;CS04-project.json#CS04-M06-O01/changed-condition/repaired,CS04-core.json#CS04-M06-O01/base/initial;CS04-project.json#CS04-M06-O01/base/initial,changed-condition,mit-paths,unavailable_no_professional_signoff,not_applicable_no_signoff,consult_versioned_reports;fixtures_are_not_execution_passes,full_depth;alternative_correct_solution;two_meaningful_errors;independent_transfer;open_review;Q4/Q5,partial_original_theory;not_Q1_complete,bounded_practice_ready;not_all_required_labs,fixed_condition_only;explanation_and_independence_pending
CS04-core-practice-0.2.0,CS04-M06,CS04-M06-O02,core,fixed_condition;explanation;independent_transfer,CS04/CS04-core-practice-0.2.0/manifest.json#CS04-M06-O02-CODE/theory,CS04-M06-O02-CODE@0.1.0,python313-isolate-dev@0.1.0,fixed_condition:versioned_server_rule;explanation/independent_transfer:pending,CS04-core.json#CS04-M06-O02/base/repaired;CS04-core.json#CS04-M06-O02/changed-condition/repaired;CS04-project.json#CS04-M06-O02/base/repaired;CS04-project.json#CS04-M06-O02/changed-condition/repaired,CS04-core.json#CS04-M06-O02/base/initial;CS04-project.json#CS04-M06-O02/base/initial,changed-condition,mit-mst,unavailable_no_professional_signoff,not_applicable_no_signoff,consult_versioned_reports;fixtures_are_not_execution_passes,full_depth;alternative_correct_solution;two_meaningful_errors;independent_transfer;open_review;Q4/Q5,partial_original_theory;not_Q1_complete,bounded_practice_ready;not_all_required_labs,fixed_condition_only;explanation_and_independence_pending
CS04-core-practice-0.2.0,CS04-M06,CS04-M06-O03,core,fixed_condition;explanation;independent_transfer,CS04/CS04-core-practice-0.2.0/manifest.json#CS04-M06-O03-CODE/theory,CS04-M06-O03-CODE@0.2.0,python313-isolate-dev@0.1.0,fixed_condition:versioned_server_rule;explanation/independent_transfer:pending,CS04-core.json#CS04-M06-O03/base/repaired;CS04-core.json#CS04-M06-O03/changed-condition/repaired;CS04-project.json#CS04-M06-O03/base/repaired;CS04-project.json#CS04-M06-O03/changed-condition/repaired;CS04-project.json#flow-bottleneck/repaired;CS04-project.json#flow-reverse/repaired,CS04-core.json#CS04-M06-O03/base/initial;CS04-project.json#CS04-M06-O03/base/initial;CS04-project.json#flow-bottleneck/initial;CS04-project.json#flow-reverse/initial,changed-condition;flow-reverse;flow-bottleneck,dal-ek-project;dal-flow-project;mit-flow,unavailable_no_professional_signoff,not_applicable_no_signoff,consult_versioned_reports;fixtures_are_not_execution_passes,full_depth;alternative_correct_solution;two_meaningful_errors;independent_transfer;open_review;Q4/Q5,partial_original_theory;not_Q1_complete,bounded_practice_ready;not_all_required_labs,fixed_condition_only;explanation_and_independence_pending
CS04-core-practice-0.2.0,CS04-M07,CS04-M07-O01,core,fixed_condition;explanation;independent_transfer,CS04/CS04-core-practice-0.2.0/manifest.json#CS04-M07-O01-CODE/theory,CS04-M07-O01-CODE@0.1.0,python313-isolate-dev@0.1.0,fixed_condition:versioned_server_rule;explanation/independent_transfer:pending,CS04-core.json#CS04-M07-O01/base/repaired;CS04-core.json#CS04-M07-O01/changed-condition/repaired;CS04-project.json#CS04-M07-O01/base/repaired;CS04-project.json#CS04-M07-O01/changed-condition/repaired,CS04-core.json#CS04-M07-O01/base/initial;CS04-project.json#CS04-M07-O01/base/initial,changed-condition,mit-random,unavailable_no_professional_signoff,not_applicable_no_signoff,consult_versioned_reports;fixtures_are_not_execution_passes,full_depth;alternative_correct_solution;two_meaningful_errors;independent_transfer;open_review;Q4/Q5,partial_original_theory;not_Q1_complete,bounded_practice_ready;not_all_required_labs,fixed_condition_only;explanation_and_independence_pending
CS04-core-practice-0.2.0,CS04-M07,CS04-M07-O02,core,fixed_condition;explanation;independent_transfer,CS04/CS04-core-practice-0.2.0/manifest.json#CS04-M07-O02-CODE/theory,CS04-M07-O02-CODE@0.1.0,python313-isolate-dev@0.1.0,fixed_condition:versioned_server_rule;explanation/independent_transfer:pending,CS04-core.json#CS04-M07-O02/base/repaired;CS04-core.json#CS04-M07-O02/changed-condition/repaired;CS04-project.json#CS04-M07-O02/base/repaired;CS04-project.json#CS04-M07-O02/changed-condition/repaired,CS04-core.json#CS04-M07-O02/base/initial;CS04-project.json#CS04-M07-O02/base/initial,changed-condition,mit-amortized,unavailable_no_professional_signoff,not_applicable_no_signoff,consult_versioned_reports;fixtures_are_not_execution_passes,full_depth;alternative_correct_solution;two_meaningful_errors;independent_transfer;open_review;Q4/Q5,partial_original_theory;not_Q1_complete,bounded_practice_ready;not_all_required_labs,fixed_condition_only;explanation_and_independence_pending
CS04-core-practice-0.2.0,CS04-M07,CS04-M07-O03,core,fixed_condition;explanation;independent_transfer,CS04/CS04-core-practice-0.2.0/manifest.json#CS04-M07-O03-CODE/theory,CS04-M07-O03-CODE@0.1.0,python313-isolate-dev@0.1.0,fixed_condition:versioned_server_rule;explanation/independent_transfer:pending,CS04-core.json#CS04-M07-O03/base/repaired;CS04-core.json#CS04-M07-O03/changed-condition/repaired;CS04-project.json#CS04-M07-O03/base/repaired;CS04-project.json#CS04-M07-O03/changed-condition/repaired,CS04-core.json#CS04-M07-O03/base/initial;CS04-core.json#CS04-M07-O03/changed-condition/initial;CS04-project.json#CS04-M07-O03/base/initial;CS04-project.json#CS04-M07-O03/changed-condition/initial,changed-condition,python-random,unavailable_no_professional_signoff,not_applicable_no_signoff,consult_versioned_reports;fixtures_are_not_execution_passes,full_depth;alternative_correct_solution;two_meaningful_errors;independent_transfer;open_review;Q4/Q5,partial_original_theory;not_Q1_complete,bounded_practice_ready;not_all_required_labs,fixed_condition_only;explanation_and_independence_pending
CS04-core-practice-0.2.0,CS04-M08,CS04-M08-O01,core,fixed_condition;explanation;independent_transfer,CS04/CS04-core-practice-0.2.0/manifest.json#CS04-M08-O01-CODE/theory,CS04-M08-O01-CODE@0.1.0,python313-isolate-dev@0.1.0,fixed_condition:versioned_server_rule;explanation/independent_transfer:pending,CS04-core.json#CS04-M08-O01/base/repaired;CS04-core.json#CS04-M08-O01/changed-condition/repaired;CS04-project.json#CS04-M08-O01/base/repaired;CS04-project.json#CS04-M08-O01/changed-condition/repaired,CS04-core.json#CS04-M08-O01/base/initial;CS04-project.json#CS04-M08-O01/base/initial,changed-condition,mit-np,unavailable_no_professional_signoff,not_applicable_no_signoff,consult_versioned_reports;fixtures_are_not_execution_passes,full_depth;alternative_correct_solution;two_meaningful_errors;independent_transfer;open_review;Q4/Q5,partial_original_theory;not_Q1_complete,bounded_practice_ready;not_all_required_labs,fixed_condition_only;explanation_and_independence_pending
CS04-core-practice-0.2.0,CS04-M08,CS04-M08-O02,core,fixed_condition;explanation;independent_transfer,CS04/CS04-core-practice-0.2.0/manifest.json#CS04-M08-O02-CODE/theory,CS04-M08-O02-CODE@0.1.0,python313-isolate-dev@0.1.0,fixed_condition:versioned_server_rule;explanation/independent_transfer:pending,CS04-core.json#CS04-M08-O02/base/repaired;CS04-core.json#CS04-M08-O02/changed-condition/repaired;CS04-project.json#CS04-M08-O02/base/repaired;CS04-project.json#CS04-M08-O02/changed-condition/repaired,CS04-core.json#CS04-M08-O02/base/initial;CS04-core.json#CS04-M08-O02/changed-condition/initial;CS04-project.json#CS04-M08-O02/base/initial;CS04-project.json#CS04-M08-O02/changed-condition/initial,changed-condition,cmu-complement,unavailable_no_professional_signoff,not_applicable_no_signoff,consult_versioned_reports;fixtures_are_not_execution_passes,full_depth;alternative_correct_solution;two_meaningful_errors;independent_transfer;open_review;Q4/Q5,partial_original_theory;not_Q1_complete,bounded_practice_ready;not_all_required_labs,fixed_condition_only;explanation_and_independence_pending
CS04-core-practice-0.2.0,CS04-M08,CS04-M08-O03,core,fixed_condition;explanation;independent_transfer,CS04/CS04-core-practice-0.2.0/manifest.json#CS04-M08-O03-CODE/theory,CS04-M08-O03-CODE@0.1.0,python313-isolate-dev@0.1.0,fixed_condition:versioned_server_rule;explanation/independent_transfer:pending,CS04-core.json#CS04-M08-O03/base/repaired;CS04-core.json#CS04-M08-O03/changed-condition/repaired;CS04-project.json#CS04-M08-O03/base/repaired;CS04-project.json#CS04-M08-O03/changed-condition/repaired,CS04-core.json#CS04-M08-O03/base/initial;CS04-project.json#CS04-M08-O03/base/initial,changed-condition,mit-approx,unavailable_no_professional_signoff,not_applicable_no_signoff,consult_versioned_reports;fixtures_are_not_execution_passes,full_depth;alternative_correct_solution;two_meaningful_errors;independent_transfer;open_review;Q4/Q5,partial_original_theory;not_Q1_complete,bounded_practice_ready;not_all_required_labs,fixed_condition_only;explanation_and_independence_pending
CS04-core-practice-0.2.0,CS04-M09,CS04-M09-O01,core,fixed_condition;explanation;independent_transfer,CS04/CS04-core-practice-0.2.0/manifest.json#CS04-M09-O01-CODE/theory,CS04-M09-O01-CODE@0.1.0,python313-isolate-dev@0.1.0,fixed_condition:versioned_server_rule;explanation/independent_transfer:pending,CS04-core.json#CS04-M09-O01/base/repaired;CS04-core.json#CS04-M09-O01/changed-condition/repaired;CS04-project.json#CS04-M09-O01/base/repaired;CS04-project.json#CS04-M09-O01/changed-condition/repaired,CS04-core.json#CS04-M09-O01/base/initial;CS04-project.json#CS04-M09-O01/base/initial,changed-condition,stanford-search,unavailable_no_professional_signoff,not_applicable_no_signoff,consult_versioned_reports;fixtures_are_not_execution_passes,full_depth;alternative_correct_solution;two_meaningful_errors;independent_transfer;open_review;Q4/Q5,partial_original_theory;not_Q1_complete,bounded_practice_ready;not_all_required_labs,fixed_condition_only;explanation_and_independence_pending
CS04-core-practice-0.2.0,CS04-M09,CS04-M09-O02,core,fixed_condition;explanation;independent_transfer,CS04/CS04-core-practice-0.2.0/manifest.json#CS04-M09-O02-CODE/theory,CS04-M09-O02-CODE@0.1.0,python313-isolate-dev@0.1.0,fixed_condition:versioned_server_rule;explanation/independent_transfer:pending,CS04-core.json#CS04-M09-O02/base/repaired;CS04-core.json#CS04-M09-O02/changed-condition/repaired;CS04-project.json#CS04-M09-O02/base/repaired;CS04-project.json#CS04-M09-O02/changed-condition/repaired,CS04-core.json#CS04-M09-O02/base/initial;CS04-project.json#CS04-M09-O02/base/initial,changed-condition,stanford-search,unavailable_no_professional_signoff,not_applicable_no_signoff,consult_versioned_reports;fixtures_are_not_execution_passes,full_depth;alternative_correct_solution;two_meaningful_errors;independent_transfer;open_review;Q4/Q5,partial_original_theory;not_Q1_complete,bounded_practice_ready;not_all_required_labs,fixed_condition_only;explanation_and_independence_pending
CS04-core-practice-0.2.0,CS04-M09,CS04-M09-O03,core,fixed_condition;explanation;independent_transfer,CS04/CS04-core-practice-0.2.0/manifest.json#CS04-M09-O03-CODE/theory,CS04-M09-O03-CODE@0.1.0,python313-isolate-dev@0.1.0,fixed_condition:versioned_server_rule;explanation/independent_transfer:pending,CS04-core.json#CS04-M09-O03/base/repaired;CS04-core.json#CS04-M09-O03/changed-condition/repaired;CS04-project.json#CS04-M09-O03/base/repaired;CS04-project.json#CS04-M09-O03/changed-condition/repaired,CS04-core.json#CS04-M09-O03/base/initial;CS04-project.json#CS04-M09-O03/base/initial,changed-condition,stanford-search,unavailable_no_professional_signoff,not_applicable_no_signoff,consult_versioned_reports;fixtures_are_not_execution_passes,full_depth;alternative_correct_solution;two_meaningful_errors;independent_transfer;open_review;Q4/Q5,partial_original_theory;not_Q1_complete,bounded_practice_ready;not_all_required_labs,fixed_condition_only;explanation_and_independence_pending
CS05-core-practice-0.1.0,CS05-M01,CS05-M01-O01,core,fixed_condition;explanation;independent_transfer,CS05/CS05-core-practice-0.1.0/manifest.json#CS05-M01-O01-CODE/theory,CS05-M01-O01-CODE@0.1.0,python313-isolate-dev@0.1.0,fixed_condition:versioned_server_rule;explanation/independent_transfer:pending,CS05-core.json#CS05-M01-O01/base/repaired;CS05-core.json#CS05-M01-O01/changed-condition/repaired,CS05-core.json#CS05-M01-O01/base/initial,changed-condition,mit-logic,unavailable_no_professional_signoff,not_applicable_no_signoff,consult_versioned_reports;fixtures_are_not_execution_passes,full_depth;alternative_correct_solution;two_meaningful_errors;independent_transfer;open_review;Q4/Q5,partial_original_theory;not_Q1_complete,bounded_practice_ready;not_all_required_labs,fixed_condition_only;explanation_and_independence_pending
CS05-core-practice-0.1.0,CS05-M01,CS05-M01-O02,core,fixed_condition;explanation;independent_transfer,CS05/CS05-core-practice-0.1.0/manifest.json#CS05-M01-O02-CODE/theory,CS05-M01-O02-CODE@0.1.0,python313-isolate-dev@0.1.0,fixed_condition:versioned_server_rule;explanation/independent_transfer:pending,CS05-core.json#CS05-M01-O02/base/repaired;CS05-core.json#CS05-M01-O02/changed-condition/repaired,CS05-core.json#CS05-M01-O02/base/initial;CS05-core.json#CS05-M01-O02/changed-condition/initial,changed-condition,mit-logic,unavailable_no_professional_signoff,not_applicable_no_signoff,consult_versioned_reports;fixtures_are_not_execution_passes,full_depth;alternative_correct_solution;two_meaningful_errors;independent_transfer;open_review;Q4/Q5,partial_original_theory;not_Q1_complete,bounded_practice_ready;not_all_required_labs,fixed_condition_only;explanation_and_independence_pending
CS05-core-practice-0.1.0,CS05-M01,CS05-M01-O03,core,fixed_condition;explanation;independent_transfer,CS05/CS05-core-practice-0.1.0/manifest.json#CS05-M01-O03-CODE/theory,CS05-M01-O03-CODE@0.1.0,python313-isolate-dev@0.1.0,fixed_condition:versioned_server_rule;explanation/independent_transfer:pending,CS05-core.json#CS05-M01-O03/base/repaired;CS05-core.json#CS05-M01-O03/changed-condition/repaired,CS05-core.json#CS05-M01-O03/base/initial;CS05-core.json#CS05-M01-O03/changed-condition/initial,changed-condition,mit-logic,unavailable_no_professional_signoff,not_applicable_no_signoff,consult_versioned_reports;fixtures_are_not_execution_passes,full_depth;alternative_correct_solution;two_meaningful_errors;independent_transfer;open_review;Q4/Q5,partial_original_theory;not_Q1_complete,bounded_practice_ready;not_all_required_labs,fixed_condition_only;explanation_and_independence_pending
CS05-core-practice-0.1.0,CS05-M02,CS05-M02-O01,core,fixed_condition;explanation;independent_transfer,CS05/CS05-core-practice-0.1.0/manifest.json#CS05-M02-O01-CODE/theory,CS05-M02-O01-CODE@0.1.0,python313-isolate-dev@0.1.0,fixed_condition:versioned_server_rule;explanation/independent_transfer:pending,CS05-core.json#CS05-M02-O01/base/repaired;CS05-core.json#CS05-M02-O01/changed-condition/repaired,CS05-core.json#CS05-M02-O01/base/initial,changed-condition,mit-logic,unavailable_no_professional_signoff,not_applicable_no_signoff,consult_versioned_reports;fixtures_are_not_execution_passes,full_depth;alternative_correct_solution;two_meaningful_errors;independent_transfer;open_review;Q4/Q5,partial_original_theory;not_Q1_complete,bounded_practice_ready;not_all_required_labs,fixed_condition_only;explanation_and_independence_pending
CS05-core-practice-0.1.0,CS05-M02,CS05-M02-O02,core,fixed_condition;explanation;independent_transfer,CS05/CS05-core-practice-0.1.0/manifest.json#CS05-M02-O02-CODE/theory,CS05-M02-O02-CODE@0.1.0,python313-isolate-dev@0.1.0,fixed_condition:versioned_server_rule;explanation/independent_transfer:pending,CS05-core.json#CS05-M02-O02/base/repaired;CS05-core.json#CS05-M02-O02/changed-condition/repaired,CS05-core.json#CS05-M02-O02/base/initial;CS05-core.json#CS05-M02-O02/changed-condition/initial,changed-condition,mit-logic,unavailable_no_professional_signoff,not_applicable_no_signoff,consult_versioned_reports;fixtures_are_not_execution_passes,full_depth;alternative_correct_solution;two_meaningful_errors;independent_transfer;open_review;Q4/Q5,partial_original_theory;not_Q1_complete,bounded_practice_ready;not_all_required_labs,fixed_condition_only;explanation_and_independence_pending
CS05-core-practice-0.1.0,CS05-M02,CS05-M02-O03,core,fixed_condition;explanation;independent_transfer,CS05/CS05-core-practice-0.1.0/manifest.json#CS05-M02-O03-CODE/theory,CS05-M02-O03-CODE@0.1.0,python313-isolate-dev@0.1.0,fixed_condition:versioned_server_rule;explanation/independent_transfer:pending,CS05-core.json#CS05-M02-O03/base/repaired;CS05-core.json#CS05-M02-O03/changed-condition/repaired,CS05-core.json#CS05-M02-O03/base/initial,changed-condition,mit-logic,unavailable_no_professional_signoff,not_applicable_no_signoff,consult_versioned_reports;fixtures_are_not_execution_passes,full_depth;alternative_correct_solution;two_meaningful_errors;independent_transfer;open_review;Q4/Q5,partial_original_theory;not_Q1_complete,bounded_practice_ready;not_all_required_labs,fixed_condition_only;explanation_and_independence_pending
CS05-core-practice-0.1.0,CS05-M03,CS05-M03-O01,core,fixed_condition;explanation;independent_transfer,CS05/CS05-core-practice-0.1.0/manifest.json#CS05-M03-O01-CODE/theory,CS05-M03-O01-CODE@0.1.0,python313-isolate-dev@0.1.0,fixed_condition:versioned_server_rule;explanation/independent_transfer:pending,CS05-core.json#CS05-M03-O01/base/repaired;CS05-core.json#CS05-M03-O01/changed-condition/repaired,CS05-core.json#CS05-M03-O01/base/initial;CS05-core.json#CS05-M03-O01/changed-condition/initial,changed-condition,mit-proof,unavailable_no_professional_signoff,not_applicable_no_signoff,consult_versioned_reports;fixtures_are_not_execution_passes,full_depth;alternative_correct_solution;two_meaningful_errors;independent_transfer;open_review;Q4/Q5,partial_original_theory;not_Q1_complete,bounded_practice_ready;not_all_required_labs,fixed_condition_only;explanation_and_independence_pending
CS05-core-practice-0.1.0,CS05-M03,CS05-M03-O02,core,fixed_condition;explanation;independent_transfer,CS05/CS05-core-practice-0.1.0/manifest.json#CS05-M03-O02-CODE/theory,CS05-M03-O02-CODE@0.1.0,python313-isolate-dev@0.1.0,fixed_condition:versioned_server_rule;explanation/independent_transfer:pending,CS05-core.json#CS05-M03-O02/base/repaired;CS05-core.json#CS05-M03-O02/changed-condition/repaired,CS05-core.json#CS05-M03-O02/base/initial;CS05-core.json#CS05-M03-O02/changed-condition/initial,changed-condition,mit-proof,unavailable_no_professional_signoff,not_applicable_no_signoff,consult_versioned_reports;fixtures_are_not_execution_passes,full_depth;alternative_correct_solution;two_meaningful_errors;independent_transfer;open_review;Q4/Q5,partial_original_theory;not_Q1_complete,bounded_practice_ready;not_all_required_labs,fixed_condition_only;explanation_and_independence_pending
CS05-core-practice-0.1.0,CS05-M03,CS05-M03-O03,core,fixed_condition;explanation;independent_transfer,CS05/CS05-core-practice-0.1.0/manifest.json#CS05-M03-O03-CODE/theory,CS05-M03-O03-CODE@0.1.0,python313-isolate-dev@0.1.0,fixed_condition:versioned_server_rule;explanation/independent_transfer:pending,CS05-core.json#CS05-M03-O03/base/repaired;CS05-core.json#CS05-M03-O03/changed-condition/repaired,CS05-core.json#CS05-M03-O03/base/initial,changed-condition,mit-proof,unavailable_no_professional_signoff,not_applicable_no_signoff,consult_versioned_reports;fixtures_are_not_execution_passes,full_depth;alternative_correct_solution;two_meaningful_errors;independent_transfer;open_review;Q4/Q5,partial_original_theory;not_Q1_complete,bounded_practice_ready;not_all_required_labs,fixed_condition_only;explanation_and_independence_pending
CS05-core-practice-0.1.0,CS05-M04,CS05-M04-O01,core,fixed_condition;explanation;independent_transfer,CS05/CS05-core-practice-0.1.0/manifest.json#CS05-M04-O01-CODE/theory,CS05-M04-O01-CODE@0.1.0,python313-isolate-dev@0.1.0,fixed_condition:versioned_server_rule;explanation/independent_transfer:pending,CS05-core.json#CS05-M04-O01/base/repaired;CS05-core.json#CS05-M04-O01/changed-condition/repaired,CS05-core.json#CS05-M04-O01/base/initial,changed-condition,mit-sets,unavailable_no_professional_signoff,not_applicable_no_signoff,consult_versioned_reports;fixtures_are_not_execution_passes,full_depth;alternative_correct_solution;two_meaningful_errors;independent_transfer;open_review;Q4/Q5,partial_original_theory;not_Q1_complete,bounded_practice_ready;not_all_required_labs,fixed_condition_only;explanation_and_independence_pending
CS05-core-practice-0.1.0,CS05-M04,CS05-M04-O02,core,fixed_condition;explanation;independent_transfer,CS05/CS05-core-practice-0.1.0/manifest.json#CS05-M04-O02-CODE/theory,CS05-M04-O02-CODE@0.1.0,python313-isolate-dev@0.1.0,fixed_condition:versioned_server_rule;explanation/independent_transfer:pending,CS05-core.json#CS05-M04-O02/base/repaired;CS05-core.json#CS05-M04-O02/changed-condition/repaired,CS05-core.json#CS05-M04-O02/base/initial,changed-condition,mit-sets,unavailable_no_professional_signoff,not_applicable_no_signoff,consult_versioned_reports;fixtures_are_not_execution_passes,full_depth;alternative_correct_solution;two_meaningful_errors;independent_transfer;open_review;Q4/Q5,partial_original_theory;not_Q1_complete,bounded_practice_ready;not_all_required_labs,fixed_condition_only;explanation_and_independence_pending
CS05-core-practice-0.1.0,CS05-M04,CS05-M04-O03,core,fixed_condition;explanation;independent_transfer,CS05/CS05-core-practice-0.1.0/manifest.json#CS05-M04-O03-CODE/theory,CS05-M04-O03-CODE@0.1.0,python313-isolate-dev@0.1.0,fixed_condition:versioned_server_rule;explanation/independent_transfer:pending,CS05-core.json#CS05-M04-O03/base/repaired;CS05-core.json#CS05-M04-O03/changed-condition/repaired,CS05-core.json#CS05-M04-O03/base/initial;CS05-core.json#CS05-M04-O03/changed-condition/initial,changed-condition,mit-sets,unavailable_no_professional_signoff,not_applicable_no_signoff,consult_versioned_reports;fixtures_are_not_execution_passes,full_depth;alternative_correct_solution;two_meaningful_errors;independent_transfer;open_review;Q4/Q5,partial_original_theory;not_Q1_complete,bounded_practice_ready;not_all_required_labs,fixed_condition_only;explanation_and_independence_pending
CS05-core-practice-0.1.0,CS05-M05,CS05-M05-O01,core,fixed_condition;explanation;independent_transfer,CS05/CS05-core-practice-0.1.0/manifest.json#CS05-M05-O01-CODE/theory,CS05-M05-O01-CODE@0.1.0,python313-isolate-dev@0.1.0,fixed_condition:versioned_server_rule;explanation/independent_transfer:pending,CS05-core.json#CS05-M05-O01/base/repaired;CS05-core.json#CS05-M05-O01/changed-condition/repaired,CS05-core.json#CS05-M05-O01/base/initial;CS05-core.json#CS05-M05-O01/changed-condition/initial,changed-condition,mit-relations,unavailable_no_professional_signoff,not_applicable_no_signoff,consult_versioned_reports;fixtures_are_not_execution_passes,full_depth;alternative_correct_solution;two_meaningful_errors;independent_transfer;open_review;Q4/Q5,partial_original_theory;not_Q1_complete,bounded_practice_ready;not_all_required_labs,fixed_condition_only;explanation_and_independence_pending
CS05-core-practice-0.1.0,CS05-M05,CS05-M05-O02,core,fixed_condition;explanation;independent_transfer,CS05/CS05-core-practice-0.1.0/manifest.json#CS05-M05-O02-CODE/theory,CS05-M05-O02-CODE@0.1.0,python313-isolate-dev@0.1.0,fixed_condition:versioned_server_rule;explanation/independent_transfer:pending,CS05-core.json#CS05-M05-O02/base/repaired;CS05-core.json#CS05-M05-O02/changed-condition/repaired,CS05-core.json#CS05-M05-O02/base/initial;CS05-core.json#CS05-M05-O02/changed-condition/initial,changed-condition,mit-relations,unavailable_no_professional_signoff,not_applicable_no_signoff,consult_versioned_reports;fixtures_are_not_execution_passes,full_depth;alternative_correct_solution;two_meaningful_errors;independent_transfer;open_review;Q4/Q5,partial_original_theory;not_Q1_complete,bounded_practice_ready;not_all_required_labs,fixed_condition_only;explanation_and_independence_pending
CS05-core-practice-0.1.0,CS05-M05,CS05-M05-O03,core,fixed_condition;explanation;independent_transfer,CS05/CS05-core-practice-0.1.0/manifest.json#CS05-M05-O03-CODE/theory,CS05-M05-O03-CODE@0.1.0,python313-isolate-dev@0.1.0,fixed_condition:versioned_server_rule;explanation/independent_transfer:pending,CS05-core.json#CS05-M05-O03/base/repaired;CS05-core.json#CS05-M05-O03/changed-condition/repaired,CS05-core.json#CS05-M05-O03/base/initial,changed-condition,mit-relations,unavailable_no_professional_signoff,not_applicable_no_signoff,consult_versioned_reports;fixtures_are_not_execution_passes,full_depth;alternative_correct_solution;two_meaningful_errors;independent_transfer;open_review;Q4/Q5,partial_original_theory;not_Q1_complete,bounded_practice_ready;not_all_required_labs,fixed_condition_only;explanation_and_independence_pending
CS05-core-practice-0.1.0,CS05-M06,CS05-M06-O01,core,fixed_condition;explanation;independent_transfer,CS05/CS05-core-practice-0.1.0/manifest.json#CS05-M06-O01-CODE/theory,CS05-M06-O01-CODE@0.1.0,python313-isolate-dev@0.1.0,fixed_condition:versioned_server_rule;explanation/independent_transfer:pending,CS05-core.json#CS05-M06-O01/base/repaired;CS05-core.json#CS05-M06-O01/changed-condition/repaired,CS05-core.json#CS05-M06-O01/base/initial;CS05-core.json#CS05-M06-O01/changed-condition/initial,changed-condition,mit-count,unavailable_no_professional_signoff,not_applicable_no_signoff,consult_versioned_reports;fixtures_are_not_execution_passes,full_depth;alternative_correct_solution;two_meaningful_errors;independent_transfer;open_review;Q4/Q5,partial_original_theory;not_Q1_complete,bounded_practice_ready;not_all_required_labs,fixed_condition_only;explanation_and_independence_pending
CS05-core-practice-0.1.0,CS05-M06,CS05-M06-O02,core,fixed_condition;explanation;independent_transfer,CS05/CS05-core-practice-0.1.0/manifest.json#CS05-M06-O02-CODE/theory,CS05-M06-O02-CODE@0.1.0,python313-isolate-dev@0.1.0,fixed_condition:versioned_server_rule;explanation/independent_transfer:pending,CS05-core.json#CS05-M06-O02/base/repaired;CS05-core.json#CS05-M06-O02/changed-condition/repaired,CS05-core.json#CS05-M06-O02/base/initial,changed-condition,mit-count,unavailable_no_professional_signoff,not_applicable_no_signoff,consult_versioned_reports;fixtures_are_not_execution_passes,full_depth;alternative_correct_solution;two_meaningful_errors;independent_transfer;open_review;Q4/Q5,partial_original_theory;not_Q1_complete,bounded_practice_ready;not_all_required_labs,fixed_condition_only;explanation_and_independence_pending
CS05-core-practice-0.1.0,CS05-M06,CS05-M06-O03,core,fixed_condition;explanation;independent_transfer,CS05/CS05-core-practice-0.1.0/manifest.json#CS05-M06-O03-CODE/theory,CS05-M06-O03-CODE@0.1.0,python313-isolate-dev@0.1.0,fixed_condition:versioned_server_rule;explanation/independent_transfer:pending,CS05-core.json#CS05-M06-O03/base/repaired;CS05-core.json#CS05-M06-O03/changed-condition/repaired,CS05-core.json#CS05-M06-O03/base/initial,changed-condition,mit-count,unavailable_no_professional_signoff,not_applicable_no_signoff,consult_versioned_reports;fixtures_are_not_execution_passes,full_depth;alternative_correct_solution;two_meaningful_errors;independent_transfer;open_review;Q4/Q5,partial_original_theory;not_Q1_complete,bounded_practice_ready;not_all_required_labs,fixed_condition_only;explanation_and_independence_pending
CS05-core-practice-0.1.0,CS05-M07,CS05-M07-O01,core,fixed_condition;explanation;independent_transfer,CS05/CS05-core-practice-0.1.0/manifest.json#CS05-M07-O01-CODE/theory,CS05-M07-O01-CODE@0.1.0,python313-isolate-dev@0.1.0,fixed_condition:versioned_server_rule;explanation/independent_transfer:pending,CS05-core.json#CS05-M07-O01/base/repaired;CS05-core.json#CS05-M07-O01/changed-condition/repaired,CS05-core.json#CS05-M07-O01/base/initial,changed-condition,milne-group,unavailable_no_professional_signoff,not_applicable_no_signoff,consult_versioned_reports;fixtures_are_not_execution_passes,full_depth;alternative_correct_solution;two_meaningful_errors;independent_transfer;open_review;Q4/Q5,partial_original_theory;not_Q1_complete,bounded_practice_ready;not_all_required_labs,fixed_condition_only;explanation_and_independence_pending
CS05-core-practice-0.1.0,CS05-M07,CS05-M07-O02,core,fixed_condition;explanation;independent_transfer,CS05/CS05-core-practice-0.1.0/manifest.json#CS05-M07-O02-CODE/theory,CS05-M07-O02-CODE@0.1.0,python313-isolate-dev@0.1.0,fixed_condition:versioned_server_rule;explanation/independent_transfer:pending,CS05-core.json#CS05-M07-O02/base/repaired;CS05-core.json#CS05-M07-O02/changed-condition/repaired,CS05-core.json#CS05-M07-O02/base/initial;CS05-core.json#CS05-M07-O02/changed-condition/initial,changed-condition,milne-group,unavailable_no_professional_signoff,not_applicable_no_signoff,consult_versioned_reports;fixtures_are_not_execution_passes,full_depth;alternative_correct_solution;two_meaningful_errors;independent_transfer;open_review;Q4/Q5,partial_original_theory;not_Q1_complete,bounded_practice_ready;not_all_required_labs,fixed_condition_only;explanation_and_independence_pending
CS05-core-practice-0.1.0,CS05-M07,CS05-M07-O03,core,fixed_condition;explanation;independent_transfer,CS05/CS05-core-practice-0.1.0/manifest.json#CS05-M07-O03-CODE/theory,CS05-M07-O03-CODE@0.1.0,python313-isolate-dev@0.1.0,fixed_condition:versioned_server_rule;explanation/independent_transfer:pending,CS05-core.json#CS05-M07-O03/base/repaired;CS05-core.json#CS05-M07-O03/changed-condition/repaired,CS05-core.json#CS05-M07-O03/base/initial;CS05-core.json#CS05-M07-O03/changed-condition/initial,changed-condition,milne-group,unavailable_no_professional_signoff,not_applicable_no_signoff,consult_versioned_reports;fixtures_are_not_execution_passes,full_depth;alternative_correct_solution;two_meaningful_errors;independent_transfer;open_review;Q4/Q5,partial_original_theory;not_Q1_complete,bounded_practice_ready;not_all_required_labs,fixed_condition_only;explanation_and_independence_pending
CS05-core-practice-0.1.0,CS05-M08,CS05-M08-O01,core,fixed_condition;explanation;independent_transfer,CS05/CS05-core-practice-0.1.0/manifest.json#CS05-M08-O01-CODE/theory,CS05-M08-O01-CODE@0.1.0,python313-isolate-dev@0.1.0,fixed_condition:versioned_server_rule;explanation/independent_transfer:pending,CS05-core.json#CS05-M08-O01/base/repaired;CS05-core.json#CS05-M08-O01/changed-condition/repaired,CS05-core.json#CS05-M08-O01/base/initial,changed-condition,mit-logic,unavailable_no_professional_signoff,not_applicable_no_signoff,consult_versioned_reports;fixtures_are_not_execution_passes,full_depth;alternative_correct_solution;two_meaningful_errors;independent_transfer;open_review;Q4/Q5,partial_original_theory;not_Q1_complete,bounded_practice_ready;not_all_required_labs,fixed_condition_only;explanation_and_independence_pending
CS05-core-practice-0.1.0,CS05-M08,CS05-M08-O02,core,fixed_condition;explanation;independent_transfer,CS05/CS05-core-practice-0.1.0/manifest.json#CS05-M08-O02-CODE/theory,CS05-M08-O02-CODE@0.1.0,python313-isolate-dev@0.1.0,fixed_condition:versioned_server_rule;explanation/independent_transfer:pending,CS05-core.json#CS05-M08-O02/base/repaired;CS05-core.json#CS05-M08-O02/changed-condition/repaired,CS05-core.json#CS05-M08-O02/base/initial;CS05-core.json#CS05-M08-O02/changed-condition/initial,changed-condition,mit-logic,unavailable_no_professional_signoff,not_applicable_no_signoff,consult_versioned_reports;fixtures_are_not_execution_passes,full_depth;alternative_correct_solution;two_meaningful_errors;independent_transfer;open_review;Q4/Q5,partial_original_theory;not_Q1_complete,bounded_practice_ready;not_all_required_labs,fixed_condition_only;explanation_and_independence_pending
CS05-core-practice-0.1.0,CS05-M08,CS05-M08-O03,core,fixed_condition;explanation;independent_transfer,CS05/CS05-core-practice-0.1.0/manifest.json#CS05-M08-O03-CODE/theory,CS05-M08-O03-CODE@0.1.0,python313-isolate-dev@0.1.0,fixed_condition:versioned_server_rule;explanation/independent_transfer:pending,CS05-core.json#CS05-M08-O03/base/repaired;CS05-core.json#CS05-M08-O03/changed-condition/repaired,CS05-core.json#CS05-M08-O03/base/initial,changed-condition,mit-sets,unavailable_no_professional_signoff,not_applicable_no_signoff,consult_versioned_reports;fixtures_are_not_execution_passes,full_depth;alternative_correct_solution;two_meaningful_errors;independent_transfer;open_review;Q4/Q5,partial_original_theory;not_Q1_complete,bounded_practice_ready;not_all_required_labs,fixed_condition_only;explanation_and_independence_pending
CS05-core-practice-0.1.0,CS05-M09,CS05-M09-O01,core,fixed_condition;explanation;independent_transfer,CS05/CS05-core-practice-0.1.0/manifest.json#CS05-M09-O01-CODE/theory,CS05-M09-O01-CODE@0.1.0,python313-isolate-dev@0.1.0,fixed_condition:versioned_server_rule;explanation/independent_transfer:pending,CS05-core.json#CS05-M09-O01/base/repaired;CS05-core.json#CS05-M09-O01/changed-condition/repaired,CS05-core.json#CS05-M09-O01/base/initial,changed-condition,mit-graph,unavailable_no_professional_signoff,not_applicable_no_signoff,consult_versioned_reports;fixtures_are_not_execution_passes,full_depth;alternative_correct_solution;two_meaningful_errors;independent_transfer;open_review;Q4/Q5,partial_original_theory;not_Q1_complete,bounded_practice_ready;not_all_required_labs,fixed_condition_only;explanation_and_independence_pending
CS05-core-practice-0.1.0,CS05-M09,CS05-M09-O02,core,fixed_condition;explanation;independent_transfer,CS05/CS05-core-practice-0.1.0/manifest.json#CS05-M09-O02-CODE/theory,CS05-M09-O02-CODE@0.1.0,python313-isolate-dev@0.1.0,fixed_condition:versioned_server_rule;explanation/independent_transfer:pending,CS05-core.json#CS05-M09-O02/base/repaired;CS05-core.json#CS05-M09-O02/changed-condition/repaired,CS05-core.json#CS05-M09-O02/base/initial,changed-condition,levin-euler,unavailable_no_professional_signoff,not_applicable_no_signoff,consult_versioned_reports;fixtures_are_not_execution_passes,full_depth;alternative_correct_solution;two_meaningful_errors;independent_transfer;open_review;Q4/Q5,partial_original_theory;not_Q1_complete,bounded_practice_ready;not_all_required_labs,fixed_condition_only;explanation_and_independence_pending
CS05-core-practice-0.1.0,CS05-M09,CS05-M09-O03,core,fixed_condition;explanation;independent_transfer,CS05/CS05-core-practice-0.1.0/manifest.json#CS05-M09-O03-CODE/theory,CS05-M09-O03-CODE@0.1.0,python313-isolate-dev@0.1.0,fixed_condition:versioned_server_rule;explanation/independent_transfer:pending,CS05-core.json#CS05-M09-O03/base/repaired;CS05-core.json#CS05-M09-O03/changed-condition/repaired,CS05-core.json#CS05-M09-O03/base/initial,changed-condition,mit-graph,unavailable_no_professional_signoff,not_applicable_no_signoff,consult_versioned_reports;fixtures_are_not_execution_passes,full_depth;alternative_correct_solution;two_meaningful_errors;independent_transfer;open_review;Q4/Q5,partial_original_theory;not_Q1_complete,bounded_practice_ready;not_all_required_labs,fixed_condition_only;explanation_and_independence_pending
CS05-core-practice-0.1.0,CS05-M10,CS05-M10-O01,core,fixed_condition;explanation;independent_transfer,CS05/CS05-core-practice-0.1.0/manifest.json#CS05-M10-O01-CODE/theory,CS05-M10-O01-CODE@0.1.0,python313-isolate-dev@0.1.0,fixed_condition:versioned_server_rule;explanation/independent_transfer:pending,CS05-core.json#CS05-M10-O01/base/repaired;CS05-core.json#CS05-M10-O01/changed-condition/repaired,CS05-core.json#CS05-M10-O01/base/initial,changed-condition,mit-tree,unavailable_no_professional_signoff,not_applicable_no_signoff,consult_versioned_reports;fixtures_are_not_execution_passes,full_depth;alternative_correct_solution;two_meaningful_errors;independent_transfer;open_review;Q4/Q5,partial_original_theory;not_Q1_complete,bounded_practice_ready;not_all_required_labs,fixed_condition_only;explanation_and_independence_pending
CS05-core-practice-0.1.0,CS05-M10,CS05-M10-O02,core,fixed_condition;explanation;independent_transfer,CS05/CS05-core-practice-0.1.0/manifest.json#CS05-M10-O02-CODE/theory,CS05-M10-O02-CODE@0.1.0,python313-isolate-dev@0.1.0,fixed_condition:versioned_server_rule;explanation/independent_transfer:pending,CS05-core.json#CS05-M10-O02/base/repaired;CS05-core.json#CS05-M10-O02/changed-condition/repaired,CS05-core.json#CS05-M10-O02/base/initial,changed-condition,mit-tree,unavailable_no_professional_signoff,not_applicable_no_signoff,consult_versioned_reports;fixtures_are_not_execution_passes,full_depth;alternative_correct_solution;two_meaningful_errors;independent_transfer;open_review;Q4/Q5,partial_original_theory;not_Q1_complete,bounded_practice_ready;not_all_required_labs,fixed_condition_only;explanation_and_independence_pending
CS05-core-practice-0.1.0,CS05-M10,CS05-M10-O03,core,fixed_condition;explanation;independent_transfer,CS05/CS05-core-practice-0.1.0/manifest.json#CS05-M10-O03-CODE/theory,CS05-M10-O03-CODE@0.1.0,python313-isolate-dev@0.1.0,fixed_condition:versioned_server_rule;explanation/independent_transfer:pending,CS05-core.json#CS05-M10-O03/base/repaired;CS05-core.json#CS05-M10-O03/changed-condition/repaired,CS05-core.json#CS05-M10-O03/base/initial,changed-condition,mit-relations,unavailable_no_professional_signoff,not_applicable_no_signoff,consult_versioned_reports;fixtures_are_not_execution_passes,full_depth;alternative_correct_solution;two_meaningful_errors;independent_transfer;open_review;Q4/Q5,partial_original_theory;not_Q1_complete,bounded_practice_ready;not_all_required_labs,fixed_condition_only;explanation_and_independence_pending
CS06-core-practice-0.2.0,CS06-M01,CS06-M01-O01,core,fixed_condition;explanation;independent_transfer,CS06/CS06-core-practice-0.2.0/manifest.json#CS06-M01-O01-CODE/theory,CS06-M01-O01-CODE@0.1.0,python313-isolate-dev@0.1.0,fixed_condition:versioned_server_rule;explanation/independent_transfer:pending,CS06-core.json#CS06-M01-O01/base/repaired;CS06-core.json#CS06-M01-O01/changed-condition/repaired;CS06-project.json#CS06-M01-O01/base/repaired;CS06-project.json#CS06-M01-O01/changed-condition/repaired,CS06-core.json#CS06-M01-O01/base/initial;CS06-project.json#CS06-M01-O01/base/initial,changed-condition,cornell-numbers,unavailable_no_professional_signoff,not_applicable_no_signoff,consult_versioned_reports;fixtures_are_not_execution_passes,full_depth;alternative_correct_solution;two_meaningful_errors;independent_transfer;open_review;Q4/Q5,partial_original_theory;not_Q1_complete,bounded_practice_ready;not_all_required_labs,fixed_condition_only;explanation_and_independence_pending
CS06-core-practice-0.2.0,CS06-M01,CS06-M01-O02,core,fixed_condition;explanation;independent_transfer,CS06/CS06-core-practice-0.2.0/manifest.json#CS06-M01-O02-CODE/theory,CS06-M01-O02-CODE@0.1.0,python313-isolate-dev@0.1.0,fixed_condition:versioned_server_rule;explanation/independent_transfer:pending,CS06-core.json#CS06-M01-O02/base/repaired;CS06-core.json#CS06-M01-O02/changed-condition/repaired;CS06-project.json#CS06-M01-O02/base/repaired;CS06-project.json#CS06-M01-O02/changed-condition/repaired,CS06-core.json#CS06-M01-O02/base/initial;CS06-project.json#CS06-M01-O02/base/initial,changed-condition,cornell-numbers,unavailable_no_professional_signoff,not_applicable_no_signoff,consult_versioned_reports;fixtures_are_not_execution_passes,full_depth;alternative_correct_solution;two_meaningful_errors;independent_transfer;open_review;Q4/Q5,partial_original_theory;not_Q1_complete,bounded_practice_ready;not_all_required_labs,fixed_condition_only;explanation_and_independence_pending
CS06-core-practice-0.2.0,CS06-M01,CS06-M01-O03,core,fixed_condition;explanation;independent_transfer,CS06/CS06-core-practice-0.2.0/manifest.json#CS06-M01-O03-CODE/theory,CS06-M01-O03-CODE@0.1.0,python313-isolate-dev@0.1.0,fixed_condition:versioned_server_rule;explanation/independent_transfer:pending,CS06-core.json#CS06-M01-O03/base/repaired;CS06-core.json#CS06-M01-O03/changed-condition/repaired;CS06-project.json#CS06-M01-O03/base/repaired;CS06-project.json#CS06-M01-O03/changed-condition/repaired,CS06-core.json#CS06-M01-O03/base/initial;CS06-project.json#CS06-M01-O03/base/initial,changed-condition,cornell-numbers,unavailable_no_professional_signoff,not_applicable_no_signoff,consult_versioned_reports;fixtures_are_not_execution_passes,full_depth;alternative_correct_solution;two_meaningful_errors;independent_transfer;open_review;Q4/Q5,partial_original_theory;not_Q1_complete,bounded_practice_ready;not_all_required_labs,fixed_condition_only;explanation_and_independence_pending
CS06-core-practice-0.2.0,CS06-M02,CS06-M02-O01,core,fixed_condition;explanation;independent_transfer,CS06/CS06-core-practice-0.2.0/manifest.json#CS06-M02-O01-CODE/theory,CS06-M02-O01-CODE@0.1.0,python313-isolate-dev@0.1.0,fixed_condition:versioned_server_rule;explanation/independent_transfer:pending,CS06-core.json#CS06-M02-O01/base/repaired;CS06-core.json#CS06-M02-O01/changed-condition/repaired;CS06-project.json#CS06-M02-O01/base/repaired;CS06-project.json#CS06-M02-O01/changed-condition/repaired,CS06-core.json#CS06-M02-O01/base/initial;CS06-project.json#CS06-M02-O01/base/initial,changed-condition,cornell-numbers,unavailable_no_professional_signoff,not_applicable_no_signoff,consult_versioned_reports;fixtures_are_not_execution_passes,full_depth;alternative_correct_solution;two_meaningful_errors;independent_transfer;open_review;Q4/Q5,partial_original_theory;not_Q1_complete,bounded_practice_ready;not_all_required_labs,fixed_condition_only;explanation_and_independence_pending
CS06-core-practice-0.2.0,CS06-M02,CS06-M02-O02,core,fixed_condition;explanation;independent_transfer,CS06/CS06-core-practice-0.2.0/manifest.json#CS06-M02-O02-CODE/theory,CS06-M02-O02-CODE@0.1.0,python313-isolate-dev@0.1.0,fixed_condition:versioned_server_rule;explanation/independent_transfer:pending,CS06-core.json#CS06-M02-O02/base/repaired;CS06-core.json#CS06-M02-O02/changed-condition/repaired;CS06-project.json#CS06-M02-O02/base/repaired;CS06-project.json#CS06-M02-O02/changed-condition/repaired,CS06-core.json#CS06-M02-O02/base/initial;CS06-project.json#CS06-M02-O02/base/initial,changed-condition,python-round,unavailable_no_professional_signoff,not_applicable_no_signoff,consult_versioned_reports;fixtures_are_not_execution_passes,full_depth;alternative_correct_solution;two_meaningful_errors;independent_transfer;open_review;Q4/Q5,partial_original_theory;not_Q1_complete,bounded_practice_ready;not_all_required_labs,fixed_condition_only;explanation_and_independence_pending
CS06-core-practice-0.2.0,CS06-M02,CS06-M02-O03,core,fixed_condition;explanation;independent_transfer,CS06/CS06-core-practice-0.2.0/manifest.json#CS06-M02-O03-CODE/theory,CS06-M02-O03-CODE@0.1.0,python313-isolate-dev@0.1.0,fixed_condition:versioned_server_rule;explanation/independent_transfer:pending,CS06-core.json#CS06-M02-O03/base/repaired;CS06-core.json#CS06-M02-O03/changed-condition/repaired;CS06-project.json#CS06-M02-O03/base/repaired;CS06-project.json#CS06-M02-O03/changed-condition/repaired,CS06-core.json#CS06-M02-O03/base/initial;CS06-core.json#CS06-M02-O03/changed-condition/initial;CS06-project.json#CS06-M02-O03/base/initial;CS06-project.json#CS06-M02-O03/changed-condition/initial,changed-condition,python-round,unavailable_no_professional_signoff,not_applicable_no_signoff,consult_versioned_reports;fixtures_are_not_execution_passes,full_depth;alternative_correct_solution;two_meaningful_errors;independent_transfer;open_review;Q4/Q5,partial_original_theory;not_Q1_complete,bounded_practice_ready;not_all_required_labs,fixed_condition_only;explanation_and_independence_pending
CS06-core-practice-0.2.0,CS06-M03,CS06-M03-O01,core,fixed_condition;explanation;independent_transfer,CS06/CS06-core-practice-0.2.0/manifest.json#CS06-M03-O01-CODE/theory,CS06-M03-O01-CODE@0.1.0,python313-isolate-dev@0.1.0,fixed_condition:versioned_server_rule;explanation/independent_transfer:pending,CS06-core.json#CS06-M03-O01/base/repaired;CS06-core.json#CS06-M03-O01/changed-condition/repaired;CS06-project.json#CS06-M03-O01/base/repaired;CS06-project.json#CS06-M03-O01/changed-condition/repaired,CS06-core.json#CS06-M03-O01/base/initial;CS06-project.json#CS06-M03-O01/base/initial,changed-condition,nand-logic,unavailable_no_professional_signoff,not_applicable_no_signoff,consult_versioned_reports;fixtures_are_not_execution_passes,full_depth;alternative_correct_solution;two_meaningful_errors;independent_transfer;open_review;Q4/Q5,partial_original_theory;not_Q1_complete,bounded_practice_ready;not_all_required_labs,fixed_condition_only;explanation_and_independence_pending
CS06-core-practice-0.2.0,CS06-M03,CS06-M03-O02,core,fixed_condition;explanation;independent_transfer,CS06/CS06-core-practice-0.2.0/manifest.json#CS06-M03-O02-CODE/theory,CS06-M03-O02-CODE@0.1.0,python313-isolate-dev@0.1.0,fixed_condition:versioned_server_rule;explanation/independent_transfer:pending,CS06-core.json#CS06-M03-O02/base/repaired;CS06-core.json#CS06-M03-O02/changed-condition/repaired;CS06-project.json#CS06-M03-O02/base/repaired;CS06-project.json#CS06-M03-O02/changed-condition/repaired,CS06-core.json#CS06-M03-O02/base/initial;CS06-project.json#CS06-M03-O02/base/initial,changed-condition,nand-logic,unavailable_no_professional_signoff,not_applicable_no_signoff,consult_versioned_reports;fixtures_are_not_execution_passes,full_depth;alternative_correct_solution;two_meaningful_errors;independent_transfer;open_review;Q4/Q5,partial_original_theory;not_Q1_complete,bounded_practice_ready;not_all_required_labs,fixed_condition_only;explanation_and_independence_pending
CS06-core-practice-0.2.0,CS06-M03,CS06-M03-O03,core,fixed_condition;explanation;independent_transfer,CS06/CS06-core-practice-0.2.0/manifest.json#CS06-M03-O03-CODE/theory,CS06-M03-O03-CODE@0.1.0,python313-isolate-dev@0.1.0,fixed_condition:versioned_server_rule;explanation/independent_transfer:pending,CS06-core.json#CS06-M03-O03/base/repaired;CS06-core.json#CS06-M03-O03/changed-condition/repaired;CS06-project.json#CS06-M03-O03/base/repaired;CS06-project.json#CS06-M03-O03/changed-condition/repaired,CS06-core.json#CS06-M03-O03/base/initial;CS06-core.json#CS06-M03-O03/changed-condition/initial;CS06-project.json#CS06-M03-O03/base/initial;CS06-project.json#CS06-M03-O03/changed-condition/initial,changed-condition,nand-logic,unavailable_no_professional_signoff,not_applicable_no_signoff,consult_versioned_reports;fixtures_are_not_execution_passes,full_depth;alternative_correct_solution;two_meaningful_errors;independent_transfer;open_review;Q4/Q5,partial_original_theory;not_Q1_complete,bounded_practice_ready;not_all_required_labs,fixed_condition_only;explanation_and_independence_pending
CS06-core-practice-0.2.0,CS06-M04,CS06-M04-O01,core,fixed_condition;explanation;independent_transfer,CS06/CS06-core-practice-0.2.0/manifest.json#CS06-M04-O01-CODE/theory,CS06-M04-O01-CODE@0.1.0,python313-isolate-dev@0.1.0,fixed_condition:versioned_server_rule;explanation/independent_transfer:pending,CS06-core.json#CS06-M04-O01/base/repaired;CS06-core.json#CS06-M04-O01/changed-condition/repaired;CS06-project.json#CS06-M04-O01/base/repaired;CS06-project.json#CS06-M04-O01/changed-condition/repaired,CS06-core.json#CS06-M04-O01/base/initial;CS06-project.json#CS06-M04-O01/base/initial,changed-condition,nand-state,unavailable_no_professional_signoff,not_applicable_no_signoff,consult_versioned_reports;fixtures_are_not_execution_passes,full_depth;alternative_correct_solution;two_meaningful_errors;independent_transfer;open_review;Q4/Q5,partial_original_theory;not_Q1_complete,bounded_practice_ready;not_all_required_labs,fixed_condition_only;explanation_and_independence_pending
CS06-core-practice-0.2.0,CS06-M04,CS06-M04-O02,core,fixed_condition;explanation;independent_transfer,CS06/CS06-core-practice-0.2.0/manifest.json#CS06-M04-O02-CODE/theory,CS06-M04-O02-CODE@0.1.0,python313-isolate-dev@0.1.0,fixed_condition:versioned_server_rule;explanation/independent_transfer:pending,CS06-core.json#CS06-M04-O02/base/repaired;CS06-core.json#CS06-M04-O02/changed-condition/repaired;CS06-project.json#CS06-M04-O02/base/repaired;CS06-project.json#CS06-M04-O02/changed-condition/repaired,CS06-core.json#CS06-M04-O02/base/initial;CS06-project.json#CS06-M04-O02/base/initial,changed-condition,nand-state,unavailable_no_professional_signoff,not_applicable_no_signoff,consult_versioned_reports;fixtures_are_not_execution_passes,full_depth;alternative_correct_solution;two_meaningful_errors;independent_transfer;open_review;Q4/Q5,partial_original_theory;not_Q1_complete,bounded_practice_ready;not_all_required_labs,fixed_condition_only;explanation_and_independence_pending
CS06-core-practice-0.2.0,CS06-M04,CS06-M04-O03,core,fixed_condition;explanation;independent_transfer,CS06/CS06-core-practice-0.2.0/manifest.json#CS06-M04-O03-CODE/theory,CS06-M04-O03-CODE@0.1.0,python313-isolate-dev@0.1.0,fixed_condition:versioned_server_rule;explanation/independent_transfer:pending,CS06-core.json#CS06-M04-O03/base/repaired;CS06-core.json#CS06-M04-O03/changed-condition/repaired;CS06-project.json#CS06-M04-O03/base/repaired;CS06-project.json#CS06-M04-O03/changed-condition/repaired,CS06-core.json#CS06-M04-O03/base/initial;CS06-project.json#CS06-M04-O03/base/initial,changed-condition,nand-state,unavailable_no_professional_signoff,not_applicable_no_signoff,consult_versioned_reports;fixtures_are_not_execution_passes,full_depth;alternative_correct_solution;two_meaningful_errors;independent_transfer;open_review;Q4/Q5,partial_original_theory;not_Q1_complete,bounded_practice_ready;not_all_required_labs,fixed_condition_only;explanation_and_independence_pending
CS06-core-practice-0.2.0,CS06-M05,CS06-M05-O01,core,fixed_condition;explanation;independent_transfer,CS06/CS06-core-practice-0.2.0/manifest.json#CS06-M05-O01-CODE/theory,CS06-M05-O01-CODE@0.1.0,python313-isolate-dev@0.1.0,fixed_condition:versioned_server_rule;explanation/independent_transfer:pending,CS06-core.json#CS06-M05-O01/base/repaired;CS06-core.json#CS06-M05-O01/changed-condition/repaired;CS06-project.json#CS06-M05-O01/base/repaired;CS06-project.json#CS06-M05-O01/changed-condition/repaired,CS06-core.json#CS06-M05-O01/base/initial;CS06-core.json#CS06-M05-O01/changed-condition/initial;CS06-project.json#CS06-M05-O01/base/initial;CS06-project.json#CS06-M05-O01/changed-condition/initial,changed-condition,nand-cpu,unavailable_no_professional_signoff,not_applicable_no_signoff,consult_versioned_reports;fixtures_are_not_execution_passes,full_depth;alternative_correct_solution;two_meaningful_errors;independent_transfer;open_review;Q4/Q5,partial_original_theory;not_Q1_complete,bounded_practice_ready;not_all_required_labs,fixed_condition_only;explanation_and_independence_pending
CS06-core-practice-0.2.0,CS06-M05,CS06-M05-O02,core,fixed_condition;explanation;independent_transfer,CS06/CS06-core-practice-0.2.0/manifest.json#CS06-M05-O02-CODE/theory,CS06-M05-O02-CODE@0.1.0,python313-isolate-dev@0.1.0,fixed_condition:versioned_server_rule;explanation/independent_transfer:pending,CS06-core.json#CS06-M05-O02/base/repaired;CS06-core.json#CS06-M05-O02/changed-condition/repaired;CS06-project.json#CS06-M05-O02/base/repaired;CS06-project.json#CS06-M05-O02/changed-condition/repaired,CS06-core.json#CS06-M05-O02/base/initial;CS06-project.json#CS06-M05-O02/base/initial,changed-condition,nand-cpu,unavailable_no_professional_signoff,not_applicable_no_signoff,consult_versioned_reports;fixtures_are_not_execution_passes,full_depth;alternative_correct_solution;two_meaningful_errors;independent_transfer;open_review;Q4/Q5,partial_original_theory;not_Q1_complete,bounded_practice_ready;not_all_required_labs,fixed_condition_only;explanation_and_independence_pending
CS06-core-practice-0.2.0,CS06-M05,CS06-M05-O03,core,fixed_condition;explanation;independent_transfer,CS06/CS06-core-practice-0.2.0/manifest.json#CS06-M05-O03-CODE/theory,CS06-M05-O03-CODE@0.2.0,python313-isolate-dev@0.1.0,fixed_condition:versioned_server_rule;explanation/independent_transfer:pending,CS06-core.json#CS06-M05-O03/base/repaired;CS06-core.json#CS06-M05-O03/changed-condition/repaired;CS06-project.json#CS06-M05-O03/base/repaired;CS06-project.json#CS06-M05-O03/changed-condition/repaired;CS06-project.json#processor-branch/repaired,CS06-core.json#CS06-M05-O03/base/initial;CS06-project.json#CS06-M05-O03/base/initial;CS06-project.json#processor-branch/initial,changed-condition;processor-branch,cornell-cache-project;nand-cpu,unavailable_no_professional_signoff,not_applicable_no_signoff,consult_versioned_reports;fixtures_are_not_execution_passes,full_depth;alternative_correct_solution;two_meaningful_errors;independent_transfer;open_review;Q4/Q5,partial_original_theory;not_Q1_complete,bounded_practice_ready;not_all_required_labs,fixed_condition_only;explanation_and_independence_pending
CS06-core-practice-0.2.0,CS06-M06,CS06-M06-O01,core,fixed_condition;explanation;independent_transfer,CS06/CS06-core-practice-0.2.0/manifest.json#CS06-M06-O01-CODE/theory,CS06-M06-O01-CODE@0.1.0,python313-isolate-dev@0.1.0,fixed_condition:versioned_server_rule;explanation/independent_transfer:pending,CS06-core.json#CS06-M06-O01/base/repaired;CS06-core.json#CS06-M06-O01/changed-condition/repaired;CS06-project.json#CS06-M06-O01/base/repaired;CS06-project.json#CS06-M06-O01/changed-condition/repaired,CS06-core.json#CS06-M06-O01/base/initial;CS06-core.json#CS06-M06-O01/changed-condition/initial;CS06-project.json#CS06-M06-O01/base/initial;CS06-project.json#CS06-M06-O01/changed-condition/initial,changed-condition,nand-cpu,unavailable_no_professional_signoff,not_applicable_no_signoff,consult_versioned_reports;fixtures_are_not_execution_passes,full_depth;alternative_correct_solution;two_meaningful_errors;independent_transfer;open_review;Q4/Q5,partial_original_theory;not_Q1_complete,bounded_practice_ready;not_all_required_labs,fixed_condition_only;explanation_and_independence_pending
CS06-core-practice-0.2.0,CS06-M06,CS06-M06-O02,core,fixed_condition;explanation;independent_transfer,CS06/CS06-core-practice-0.2.0/manifest.json#CS06-M06-O02-CODE/theory,CS06-M06-O02-CODE@0.1.0,python313-isolate-dev@0.1.0,fixed_condition:versioned_server_rule;explanation/independent_transfer:pending,CS06-core.json#CS06-M06-O02/base/repaired;CS06-core.json#CS06-M06-O02/changed-condition/repaired;CS06-project.json#CS06-M06-O02/base/repaired;CS06-project.json#CS06-M06-O02/changed-condition/repaired,CS06-core.json#CS06-M06-O02/base/initial;CS06-project.json#CS06-M06-O02/base/initial,changed-condition,nand-cpu,unavailable_no_professional_signoff,not_applicable_no_signoff,consult_versioned_reports;fixtures_are_not_execution_passes,full_depth;alternative_correct_solution;two_meaningful_errors;independent_transfer;open_review;Q4/Q5,partial_original_theory;not_Q1_complete,bounded_practice_ready;not_all_required_labs,fixed_condition_only;explanation_and_independence_pending
CS06-core-practice-0.2.0,CS06-M06,CS06-M06-O03,core,fixed_condition;explanation;independent_transfer,CS06/CS06-core-practice-0.2.0/manifest.json#CS06-M06-O03-CODE/theory,CS06-M06-O03-CODE@0.2.0,python313-isolate-dev@0.1.0,fixed_condition:versioned_server_rule;explanation/independent_transfer:pending,CS06-core.json#CS06-M06-O03/base/repaired;CS06-core.json#CS06-M06-O03/changed-condition/repaired;CS06-project.json#CS06-M06-O03/base/repaired;CS06-project.json#CS06-M06-O03/changed-condition/repaired;CS06-project.json#processor-store/repaired,CS06-core.json#CS06-M06-O03/base/initial;CS06-project.json#CS06-M06-O03/base/initial;CS06-project.json#processor-store/initial,changed-condition;processor-store,cornell-cache-project;nand-cpu,unavailable_no_professional_signoff,not_applicable_no_signoff,consult_versioned_reports;fixtures_are_not_execution_passes,full_depth;alternative_correct_solution;two_meaningful_errors;independent_transfer;open_review;Q4/Q5,partial_original_theory;not_Q1_complete,bounded_practice_ready;not_all_required_labs,fixed_condition_only;explanation_and_independence_pending
CS06-core-practice-0.2.0,CS06-M07,CS06-M07-O01,core,fixed_condition;explanation;independent_transfer,CS06/CS06-core-practice-0.2.0/manifest.json#CS06-M07-O01-CODE/theory,CS06-M07-O01-CODE@0.1.0,python313-isolate-dev@0.1.0,fixed_condition:versioned_server_rule;explanation/independent_transfer:pending,CS06-core.json#CS06-M07-O01/base/repaired;CS06-core.json#CS06-M07-O01/changed-condition/repaired;CS06-project.json#CS06-M07-O01/base/repaired;CS06-project.json#CS06-M07-O01/changed-condition/repaired,CS06-core.json#CS06-M07-O01/base/initial;CS06-project.json#CS06-M07-O01/base/initial,changed-condition,usf-pipeline,unavailable_no_professional_signoff,not_applicable_no_signoff,consult_versioned_reports;fixtures_are_not_execution_passes,full_depth;alternative_correct_solution;two_meaningful_errors;independent_transfer;open_review;Q4/Q5,partial_original_theory;not_Q1_complete,bounded_practice_ready;not_all_required_labs,fixed_condition_only;explanation_and_independence_pending
CS06-core-practice-0.2.0,CS06-M07,CS06-M07-O02,core,fixed_condition;explanation;independent_transfer,CS06/CS06-core-practice-0.2.0/manifest.json#CS06-M07-O02-CODE/theory,CS06-M07-O02-CODE@0.1.0,python313-isolate-dev@0.1.0,fixed_condition:versioned_server_rule;explanation/independent_transfer:pending,CS06-core.json#CS06-M07-O02/base/repaired;CS06-core.json#CS06-M07-O02/changed-condition/repaired;CS06-project.json#CS06-M07-O02/base/repaired;CS06-project.json#CS06-M07-O02/changed-condition/repaired,CS06-core.json#CS06-M07-O02/base/initial;CS06-project.json#CS06-M07-O02/base/initial,changed-condition,usf-pipeline,unavailable_no_professional_signoff,not_applicable_no_signoff,consult_versioned_reports;fixtures_are_not_execution_passes,full_depth;alternative_correct_solution;two_meaningful_errors;independent_transfer;open_review;Q4/Q5,partial_original_theory;not_Q1_complete,bounded_practice_ready;not_all_required_labs,fixed_condition_only;explanation_and_independence_pending
CS06-core-practice-0.2.0,CS06-M07,CS06-M07-O03,core,fixed_condition;explanation;independent_transfer,CS06/CS06-core-practice-0.2.0/manifest.json#CS06-M07-O03-CODE/theory,CS06-M07-O03-CODE@0.1.0,python313-isolate-dev@0.1.0,fixed_condition:versioned_server_rule;explanation/independent_transfer:pending,CS06-core.json#CS06-M07-O03/base/repaired;CS06-core.json#CS06-M07-O03/changed-condition/repaired;CS06-project.json#CS06-M07-O03/base/repaired;CS06-project.json#CS06-M07-O03/changed-condition/repaired,CS06-core.json#CS06-M07-O03/base/initial;CS06-core.json#CS06-M07-O03/changed-condition/initial;CS06-project.json#CS06-M07-O03/base/initial;CS06-project.json#CS06-M07-O03/changed-condition/initial,changed-condition,usf-pipeline,unavailable_no_professional_signoff,not_applicable_no_signoff,consult_versioned_reports;fixtures_are_not_execution_passes,full_depth;alternative_correct_solution;two_meaningful_errors;independent_transfer;open_review;Q4/Q5,partial_original_theory;not_Q1_complete,bounded_practice_ready;not_all_required_labs,fixed_condition_only;explanation_and_independence_pending
CS06-core-practice-0.2.0,CS06-M08,CS06-M08-O01,core,fixed_condition;explanation;independent_transfer,CS06/CS06-core-practice-0.2.0/manifest.json#CS06-M08-O01-CODE/theory,CS06-M08-O01-CODE@0.1.0,python313-isolate-dev@0.1.0,fixed_condition:versioned_server_rule;explanation/independent_transfer:pending,CS06-core.json#CS06-M08-O01/base/repaired;CS06-core.json#CS06-M08-O01/changed-condition/repaired;CS06-project.json#CS06-M08-O01/base/repaired;CS06-project.json#CS06-M08-O01/changed-condition/repaired,CS06-core.json#CS06-M08-O01/base/initial;CS06-project.json#CS06-M08-O01/base/initial,changed-condition,cornell-cache,unavailable_no_professional_signoff,not_applicable_no_signoff,consult_versioned_reports;fixtures_are_not_execution_passes,full_depth;alternative_correct_solution;two_meaningful_errors;independent_transfer;open_review;Q4/Q5,partial_original_theory;not_Q1_complete,bounded_practice_ready;not_all_required_labs,fixed_condition_only;explanation_and_independence_pending
CS06-core-practice-0.2.0,CS06-M08,CS06-M08-O02,core,fixed_condition;explanation;independent_transfer,CS06/CS06-core-practice-0.2.0/manifest.json#CS06-M08-O02-CODE/theory,CS06-M08-O02-CODE@0.2.0,python313-isolate-dev@0.1.0,fixed_condition:versioned_server_rule;explanation/independent_transfer:pending,CS06-core.json#CS06-M08-O02/base/repaired;CS06-core.json#CS06-M08-O02/changed-condition/repaired;CS06-project.json#CS06-M08-O02/base/repaired;CS06-project.json#CS06-M08-O02/changed-condition/repaired;CS06-project.json#processor-cache/repaired,CS06-core.json#CS06-M08-O02/base/initial;CS06-project.json#CS06-M08-O02/base/initial;CS06-project.json#processor-cache/initial,changed-condition;processor-cache,cornell-cache;cornell-cache-project,unavailable_no_professional_signoff,not_applicable_no_signoff,consult_versioned_reports;fixtures_are_not_execution_passes,full_depth;alternative_correct_solution;two_meaningful_errors;independent_transfer;open_review;Q4/Q5,partial_original_theory;not_Q1_complete,bounded_practice_ready;not_all_required_labs,fixed_condition_only;explanation_and_independence_pending
CS06-core-practice-0.2.0,CS06-M08,CS06-M08-O03,core,fixed_condition;explanation;independent_transfer,CS06/CS06-core-practice-0.2.0/manifest.json#CS06-M08-O03-CODE/theory,CS06-M08-O03-CODE@0.1.0,python313-isolate-dev@0.1.0,fixed_condition:versioned_server_rule;explanation/independent_transfer:pending,CS06-core.json#CS06-M08-O03/base/repaired;CS06-core.json#CS06-M08-O03/changed-condition/repaired;CS06-project.json#CS06-M08-O03/base/repaired;CS06-project.json#CS06-M08-O03/changed-condition/repaired,CS06-core.json#CS06-M08-O03/base/initial;CS06-core.json#CS06-M08-O03/changed-condition/initial;CS06-project.json#CS06-M08-O03/base/initial;CS06-project.json#CS06-M08-O03/changed-condition/initial,changed-condition,ostep-paging,unavailable_no_professional_signoff,not_applicable_no_signoff,consult_versioned_reports;fixtures_are_not_execution_passes,full_depth;alternative_correct_solution;two_meaningful_errors;independent_transfer;open_review;Q4/Q5,partial_original_theory;not_Q1_complete,bounded_practice_ready;not_all_required_labs,fixed_condition_only;explanation_and_independence_pending
CS06-core-practice-0.2.0,CS06-M09,CS06-M09-O01,core,fixed_condition;explanation;independent_transfer,CS06/CS06-core-practice-0.2.0/manifest.json#CS06-M09-O01-CODE/theory,CS06-M09-O01-CODE@0.1.0,python313-isolate-dev@0.1.0,fixed_condition:versioned_server_rule;explanation/independent_transfer:pending,CS06-core.json#CS06-M09-O01/base/repaired;CS06-core.json#CS06-M09-O01/changed-condition/repaired;CS06-project.json#CS06-M09-O01/base/repaired;CS06-project.json#CS06-M09-O01/changed-condition/repaired,CS06-core.json#CS06-M09-O01/base/initial;CS06-project.json#CS06-M09-O01/base/initial,changed-condition,ostep-io,unavailable_no_professional_signoff,not_applicable_no_signoff,consult_versioned_reports;fixtures_are_not_execution_passes,full_depth;alternative_correct_solution;two_meaningful_errors;independent_transfer;open_review;Q4/Q5,partial_original_theory;not_Q1_complete,bounded_practice_ready;not_all_required_labs,fixed_condition_only;explanation_and_independence_pending
CS06-core-practice-0.2.0,CS06-M09,CS06-M09-O02,core,fixed_condition;explanation;independent_transfer,CS06/CS06-core-practice-0.2.0/manifest.json#CS06-M09-O02-CODE/theory,CS06-M09-O02-CODE@0.1.0,python313-isolate-dev@0.1.0,fixed_condition:versioned_server_rule;explanation/independent_transfer:pending,CS06-core.json#CS06-M09-O02/base/repaired;CS06-core.json#CS06-M09-O02/changed-condition/repaired;CS06-project.json#CS06-M09-O02/base/repaired;CS06-project.json#CS06-M09-O02/changed-condition/repaired,CS06-core.json#CS06-M09-O02/base/initial;CS06-project.json#CS06-M09-O02/base/initial,changed-condition,ostep-io,unavailable_no_professional_signoff,not_applicable_no_signoff,consult_versioned_reports;fixtures_are_not_execution_passes,full_depth;alternative_correct_solution;two_meaningful_errors;independent_transfer;open_review;Q4/Q5,partial_original_theory;not_Q1_complete,bounded_practice_ready;not_all_required_labs,fixed_condition_only;explanation_and_independence_pending
CS06-core-practice-0.2.0,CS06-M09,CS06-M09-O03,core,fixed_condition;explanation;independent_transfer,CS06/CS06-core-practice-0.2.0/manifest.json#CS06-M09-O03-CODE/theory,CS06-M09-O03-CODE@0.1.0,python313-isolate-dev@0.1.0,fixed_condition:versioned_server_rule;explanation/independent_transfer:pending,CS06-core.json#CS06-M09-O03/base/repaired;CS06-core.json#CS06-M09-O03/changed-condition/repaired;CS06-project.json#CS06-M09-O03/base/repaired;CS06-project.json#CS06-M09-O03/changed-condition/repaired,CS06-core.json#CS06-M09-O03/base/initial;CS06-core.json#CS06-M09-O03/changed-condition/initial;CS06-project.json#CS06-M09-O03/base/initial;CS06-project.json#CS06-M09-O03/changed-condition/initial,changed-condition,ostep-io,unavailable_no_professional_signoff,not_applicable_no_signoff,consult_versioned_reports;fixtures_are_not_execution_passes,full_depth;alternative_correct_solution;two_meaningful_errors;independent_transfer;open_review;Q4/Q5,partial_original_theory;not_Q1_complete,bounded_practice_ready;not_all_required_labs,fixed_condition_only;explanation_and_independence_pending
CS07-core-practice-0.1.0,CS07-M01,CS07-M01-O01,core,fixed_condition;explanation;independent_transfer,CS07/CS07-core-practice-0.1.0/manifest.json#CS07-M01-O01-CODE/theory,CS07-M01-O01-CODE@0.1.0,python313-isolate-dev@0.1.0,fixed_condition:versioned_server_rule;explanation/independent_transfer:pending,CS07-core.json#CS07-M01-O01/base/repaired;CS07-core.json#CS07-M01-O01/changed-condition/repaired,CS07-core.json#CS07-M01-O01/base/initial,changed-condition,os-trap,unavailable_no_professional_signoff,not_applicable_no_signoff,consult_versioned_reports;fixtures_are_not_execution_passes,full_depth;alternative_correct_solution;two_meaningful_errors;independent_transfer;open_review;Q4/Q5,partial_original_theory;not_Q1_complete,bounded_practice_ready;not_all_required_labs,fixed_condition_only;explanation_and_independence_pending
CS07-core-practice-0.1.0,CS07-M01,CS07-M01-O02,core,fixed_condition;explanation;independent_transfer,CS07/CS07-core-practice-0.1.0/manifest.json#CS07-M01-O02-CODE/theory,CS07-M01-O02-CODE@0.1.0,python313-isolate-dev@0.1.0,fixed_condition:versioned_server_rule;explanation/independent_transfer:pending,CS07-core.json#CS07-M01-O02/base/repaired;CS07-core.json#CS07-M01-O02/changed-condition/repaired,CS07-core.json#CS07-M01-O02/base/initial,changed-condition,os-api,unavailable_no_professional_signoff,not_applicable_no_signoff,consult_versioned_reports;fixtures_are_not_execution_passes,full_depth;alternative_correct_solution;two_meaningful_errors;independent_transfer;open_review;Q4/Q5,partial_original_theory;not_Q1_complete,bounded_practice_ready;not_all_required_labs,fixed_condition_only;explanation_and_independence_pending
CS07-core-practice-0.1.0,CS07-M01,CS07-M01-O03,core,fixed_condition;explanation;independent_transfer,CS07/CS07-core-practice-0.1.0/manifest.json#CS07-M01-O03-CODE/theory,CS07-M01-O03-CODE@0.1.0,python313-isolate-dev@0.1.0,fixed_condition:versioned_server_rule;explanation/independent_transfer:pending,CS07-core.json#CS07-M01-O03/base/repaired;CS07-core.json#CS07-M01-O03/changed-condition/repaired,CS07-core.json#CS07-M01-O03/base/initial,changed-condition,os-api,unavailable_no_professional_signoff,not_applicable_no_signoff,consult_versioned_reports;fixtures_are_not_execution_passes,full_depth;alternative_correct_solution;two_meaningful_errors;independent_transfer;open_review;Q4/Q5,partial_original_theory;not_Q1_complete,bounded_practice_ready;not_all_required_labs,fixed_condition_only;explanation_and_independence_pending
CS07-core-practice-0.1.0,CS07-M02,CS07-M02-O01,core,fixed_condition;explanation;independent_transfer,CS07/CS07-core-practice-0.1.0/manifest.json#CS07-M02-O01-CODE/theory,CS07-M02-O01-CODE@0.1.0,python313-isolate-dev@0.1.0,fixed_condition:versioned_server_rule;explanation/independent_transfer:pending,CS07-core.json#CS07-M02-O01/base/repaired;CS07-core.json#CS07-M02-O01/changed-condition/repaired,CS07-core.json#CS07-M02-O01/base/initial,changed-condition,os-process,unavailable_no_professional_signoff,not_applicable_no_signoff,consult_versioned_reports;fixtures_are_not_execution_passes,full_depth;alternative_correct_solution;two_meaningful_errors;independent_transfer;open_review;Q4/Q5,partial_original_theory;not_Q1_complete,bounded_practice_ready;not_all_required_labs,fixed_condition_only;explanation_and_independence_pending
CS07-core-practice-0.1.0,CS07-M02,CS07-M02-O02,core,fixed_condition;explanation;independent_transfer,CS07/CS07-core-practice-0.1.0/manifest.json#CS07-M02-O02-CODE/theory,CS07-M02-O02-CODE@0.1.0,python313-isolate-dev@0.1.0,fixed_condition:versioned_server_rule;explanation/independent_transfer:pending,CS07-core.json#CS07-M02-O02/base/repaired;CS07-core.json#CS07-M02-O02/changed-condition/repaired,CS07-core.json#CS07-M02-O02/base/initial,changed-condition,os-api,unavailable_no_professional_signoff,not_applicable_no_signoff,consult_versioned_reports;fixtures_are_not_execution_passes,full_depth;alternative_correct_solution;two_meaningful_errors;independent_transfer;open_review;Q4/Q5,partial_original_theory;not_Q1_complete,bounded_practice_ready;not_all_required_labs,fixed_condition_only;explanation_and_independence_pending
CS07-core-practice-0.1.0,CS07-M02,CS07-M02-O03,core,fixed_condition;explanation;independent_transfer,CS07/CS07-core-practice-0.1.0/manifest.json#CS07-M02-O03-CODE/theory,CS07-M02-O03-CODE@0.1.0,python313-isolate-dev@0.1.0,fixed_condition:versioned_server_rule;explanation/independent_transfer:pending,CS07-core.json#CS07-M02-O03/base/repaired;CS07-core.json#CS07-M02-O03/changed-condition/repaired,CS07-core.json#CS07-M02-O03/base/initial,changed-condition,os-process,unavailable_no_professional_signoff,not_applicable_no_signoff,consult_versioned_reports;fixtures_are_not_execution_passes,full_depth;alternative_correct_solution;two_meaningful_errors;independent_transfer;open_review;Q4/Q5,partial_original_theory;not_Q1_complete,bounded_practice_ready;not_all_required_labs,fixed_condition_only;explanation_and_independence_pending
CS07-core-practice-0.1.0,CS07-M03,CS07-M03-O01,core,fixed_condition;explanation;independent_transfer,CS07/CS07-core-practice-0.1.0/manifest.json#CS07-M03-O01-CODE/theory,CS07-M03-O01-CODE@0.1.0,python313-isolate-dev@0.1.0,fixed_condition:versioned_server_rule;explanation/independent_transfer:pending,CS07-core.json#CS07-M03-O01/base/repaired;CS07-core.json#CS07-M03-O01/changed-condition/repaired,CS07-core.json#CS07-M03-O01/base/initial,changed-condition,os-sched,unavailable_no_professional_signoff,not_applicable_no_signoff,consult_versioned_reports;fixtures_are_not_execution_passes,full_depth;alternative_correct_solution;two_meaningful_errors;independent_transfer;open_review;Q4/Q5,partial_original_theory;not_Q1_complete,bounded_practice_ready;not_all_required_labs,fixed_condition_only;explanation_and_independence_pending
CS07-core-practice-0.1.0,CS07-M03,CS07-M03-O02,core,fixed_condition;explanation;independent_transfer,CS07/CS07-core-practice-0.1.0/manifest.json#CS07-M03-O02-CODE/theory,CS07-M03-O02-CODE@0.1.0,python313-isolate-dev@0.1.0,fixed_condition:versioned_server_rule;explanation/independent_transfer:pending,CS07-core.json#CS07-M03-O02/base/repaired;CS07-core.json#CS07-M03-O02/changed-condition/repaired,CS07-core.json#CS07-M03-O02/base/initial,changed-condition,os-sched,unavailable_no_professional_signoff,not_applicable_no_signoff,consult_versioned_reports;fixtures_are_not_execution_passes,full_depth;alternative_correct_solution;two_meaningful_errors;independent_transfer;open_review;Q4/Q5,partial_original_theory;not_Q1_complete,bounded_practice_ready;not_all_required_labs,fixed_condition_only;explanation_and_independence_pending
CS07-core-practice-0.1.0,CS07-M03,CS07-M03-O03,core,fixed_condition;explanation;independent_transfer,CS07/CS07-core-practice-0.1.0/manifest.json#CS07-M03-O03-CODE/theory,CS07-M03-O03-CODE@0.1.0,python313-isolate-dev@0.1.0,fixed_condition:versioned_server_rule;explanation/independent_transfer:pending,CS07-core.json#CS07-M03-O03/base/repaired;CS07-core.json#CS07-M03-O03/changed-condition/repaired,CS07-core.json#CS07-M03-O03/base/initial,changed-condition,os-sched,unavailable_no_professional_signoff,not_applicable_no_signoff,consult_versioned_reports;fixtures_are_not_execution_passes,full_depth;alternative_correct_solution;two_meaningful_errors;independent_transfer;open_review;Q4/Q5,partial_original_theory;not_Q1_complete,bounded_practice_ready;not_all_required_labs,fixed_condition_only;explanation_and_independence_pending
CS07-core-practice-0.1.0,CS07-M04,CS07-M04-O01,core,fixed_condition;explanation;independent_transfer,CS07/CS07-core-practice-0.1.0/manifest.json#CS07-M04-O01-CODE/theory,CS07-M04-O01-CODE@0.1.0,python313-isolate-dev@0.1.0,fixed_condition:versioned_server_rule;explanation/independent_transfer:pending,CS07-core.json#CS07-M04-O01/base/repaired;CS07-core.json#CS07-M04-O01/changed-condition/repaired,CS07-core.json#CS07-M04-O01/base/initial;CS07-core.json#CS07-M04-O01/changed-condition/initial,changed-condition,os-threads,unavailable_no_professional_signoff,not_applicable_no_signoff,consult_versioned_reports;fixtures_are_not_execution_passes,full_depth;alternative_correct_solution;two_meaningful_errors;independent_transfer;open_review;Q4/Q5,partial_original_theory;not_Q1_complete,bounded_practice_ready;not_all_required_labs,fixed_condition_only;explanation_and_independence_pending
CS07-core-practice-0.1.0,CS07-M04,CS07-M04-O02,core,fixed_condition;explanation;independent_transfer,CS07/CS07-core-practice-0.1.0/manifest.json#CS07-M04-O02-CODE/theory,CS07-M04-O02-CODE@0.1.0,python313-isolate-dev@0.1.0,fixed_condition:versioned_server_rule;explanation/independent_transfer:pending,CS07-core.json#CS07-M04-O02/base/repaired;CS07-core.json#CS07-M04-O02/changed-condition/repaired,CS07-core.json#CS07-M04-O02/base/initial,changed-condition,os-threads,unavailable_no_professional_signoff,not_applicable_no_signoff,consult_versioned_reports;fixtures_are_not_execution_passes,full_depth;alternative_correct_solution;two_meaningful_errors;independent_transfer;open_review;Q4/Q5,partial_original_theory;not_Q1_complete,bounded_practice_ready;not_all_required_labs,fixed_condition_only;explanation_and_independence_pending
CS07-core-practice-0.1.0,CS07-M04,CS07-M04-O03,core,fixed_condition;explanation;independent_transfer,CS07/CS07-core-practice-0.1.0/manifest.json#CS07-M04-O03-CODE/theory,CS07-M04-O03-CODE@0.1.0,python313-isolate-dev@0.1.0,fixed_condition:versioned_server_rule;explanation/independent_transfer:pending,CS07-core.json#CS07-M04-O03/base/repaired;CS07-core.json#CS07-M04-O03/changed-condition/repaired,CS07-core.json#CS07-M04-O03/base/initial;CS07-core.json#CS07-M04-O03/changed-condition/initial,changed-condition,os-bugs,unavailable_no_professional_signoff,not_applicable_no_signoff,consult_versioned_reports;fixtures_are_not_execution_passes,full_depth;alternative_correct_solution;two_meaningful_errors;independent_transfer;open_review;Q4/Q5,partial_original_theory;not_Q1_complete,bounded_practice_ready;not_all_required_labs,fixed_condition_only;explanation_and_independence_pending
CS07-core-practice-0.1.0,CS07-M05,CS07-M05-O01,core,fixed_condition;explanation;independent_transfer,CS07/CS07-core-practice-0.1.0/manifest.json#CS07-M05-O01-CODE/theory,CS07-M05-O01-CODE@0.1.0,python313-isolate-dev@0.1.0,fixed_condition:versioned_server_rule;explanation/independent_transfer:pending,CS07-core.json#CS07-M05-O01/base/repaired;CS07-core.json#CS07-M05-O01/changed-condition/repaired,CS07-core.json#CS07-M05-O01/base/initial,changed-condition,os-bugs,unavailable_no_professional_signoff,not_applicable_no_signoff,consult_versioned_reports;fixtures_are_not_execution_passes,full_depth;alternative_correct_solution;two_meaningful_errors;independent_transfer;open_review;Q4/Q5,partial_original_theory;not_Q1_complete,bounded_practice_ready;not_all_required_labs,fixed_condition_only;explanation_and_independence_pending
CS07-core-practice-0.1.0,CS07-M05,CS07-M05-O02,core,fixed_condition;explanation;independent_transfer,CS07/CS07-core-practice-0.1.0/manifest.json#CS07-M05-O02-CODE/theory,CS07-M05-O02-CODE@0.1.0,python313-isolate-dev@0.1.0,fixed_condition:versioned_server_rule;explanation/independent_transfer:pending,CS07-core.json#CS07-M05-O02/base/repaired;CS07-core.json#CS07-M05-O02/changed-condition/repaired,CS07-core.json#CS07-M05-O02/base/initial;CS07-core.json#CS07-M05-O02/changed-condition/initial,changed-condition,os-bugs,unavailable_no_professional_signoff,not_applicable_no_signoff,consult_versioned_reports;fixtures_are_not_execution_passes,full_depth;alternative_correct_solution;two_meaningful_errors;independent_transfer;open_review;Q4/Q5,partial_original_theory;not_Q1_complete,bounded_practice_ready;not_all_required_labs,fixed_condition_only;explanation_and_independence_pending
CS07-core-practice-0.1.0,CS07-M05,CS07-M05-O03,core,fixed_condition;explanation;independent_transfer,CS07/CS07-core-practice-0.1.0/manifest.json#CS07-M05-O03-CODE/theory,CS07-M05-O03-CODE@0.1.0,python313-isolate-dev@0.1.0,fixed_condition:versioned_server_rule;explanation/independent_transfer:pending,CS07-core.json#CS07-M05-O03/base/repaired;CS07-core.json#CS07-M05-O03/changed-condition/repaired,CS07-core.json#CS07-M05-O03/base/initial,changed-condition,os-banker,unavailable_no_professional_signoff,not_applicable_no_signoff,consult_versioned_reports;fixtures_are_not_execution_passes,full_depth;alternative_correct_solution;two_meaningful_errors;independent_transfer;open_review;Q4/Q5,partial_original_theory;not_Q1_complete,bounded_practice_ready;not_all_required_labs,fixed_condition_only;explanation_and_independence_pending
CS07-core-practice-0.1.0,CS07-M06,CS07-M06-O01,core,fixed_condition;explanation;independent_transfer,CS07/CS07-core-practice-0.1.0/manifest.json#CS07-M06-O01-CODE/theory,CS07-M06-O01-CODE@0.1.0,python313-isolate-dev@0.1.0,fixed_condition:versioned_server_rule;explanation/independent_transfer:pending,CS07-core.json#CS07-M06-O01/base/repaired;CS07-core.json#CS07-M06-O01/changed-condition/repaired,CS07-core.json#CS07-M06-O01/base/initial,changed-condition,os-paging,unavailable_no_professional_signoff,not_applicable_no_signoff,consult_versioned_reports;fixtures_are_not_execution_passes,full_depth;alternative_correct_solution;two_meaningful_errors;independent_transfer;open_review;Q4/Q5,partial_original_theory;not_Q1_complete,bounded_practice_ready;not_all_required_labs,fixed_condition_only;explanation_and_independence_pending
CS07-core-practice-0.1.0,CS07-M06,CS07-M06-O02,core,fixed_condition;explanation;independent_transfer,CS07/CS07-core-practice-0.1.0/manifest.json#CS07-M06-O02-CODE/theory,CS07-M06-O02-CODE@0.1.0,python313-isolate-dev@0.1.0,fixed_condition:versioned_server_rule;explanation/independent_transfer:pending,CS07-core.json#CS07-M06-O02/base/repaired;CS07-core.json#CS07-M06-O02/changed-condition/repaired,CS07-core.json#CS07-M06-O02/base/initial,changed-condition,os-paging,unavailable_no_professional_signoff,not_applicable_no_signoff,consult_versioned_reports;fixtures_are_not_execution_passes,full_depth;alternative_correct_solution;two_meaningful_errors;independent_transfer;open_review;Q4/Q5,partial_original_theory;not_Q1_complete,bounded_practice_ready;not_all_required_labs,fixed_condition_only;explanation_and_independence_pending
CS07-core-practice-0.1.0,CS07-M06,CS07-M06-O03,core,fixed_condition;explanation;independent_transfer,CS07/CS07-core-practice-0.1.0/manifest.json#CS07-M06-O03-CODE/theory,CS07-M06-O03-CODE@0.1.0,python313-isolate-dev@0.1.0,fixed_condition:versioned_server_rule;explanation/independent_transfer:pending,CS07-core.json#CS07-M06-O03/base/repaired;CS07-core.json#CS07-M06-O03/changed-condition/repaired,CS07-core.json#CS07-M06-O03/base/initial,changed-condition,os-memory,unavailable_no_professional_signoff,not_applicable_no_signoff,consult_versioned_reports;fixtures_are_not_execution_passes,full_depth;alternative_correct_solution;two_meaningful_errors;independent_transfer;open_review;Q4/Q5,partial_original_theory;not_Q1_complete,bounded_practice_ready;not_all_required_labs,fixed_condition_only;explanation_and_independence_pending
CS07-core-practice-0.1.0,CS07-M07,CS07-M07-O01,core,fixed_condition;explanation;independent_transfer,CS07/CS07-core-practice-0.1.0/manifest.json#CS07-M07-O01-CODE/theory,CS07-M07-O01-CODE@0.1.0,python313-isolate-dev@0.1.0,fixed_condition:versioned_server_rule;explanation/independent_transfer:pending,CS07-core.json#CS07-M07-O01/base/repaired;CS07-core.json#CS07-M07-O01/changed-condition/repaired,CS07-core.json#CS07-M07-O01/base/initial,changed-condition,os-policy,unavailable_no_professional_signoff,not_applicable_no_signoff,consult_versioned_reports;fixtures_are_not_execution_passes,full_depth;alternative_correct_solution;two_meaningful_errors;independent_transfer;open_review;Q4/Q5,partial_original_theory;not_Q1_complete,bounded_practice_ready;not_all_required_labs,fixed_condition_only;explanation_and_independence_pending
CS07-core-practice-0.1.0,CS07-M07,CS07-M07-O02,core,fixed_condition;explanation;independent_transfer,CS07/CS07-core-practice-0.1.0/manifest.json#CS07-M07-O02-CODE/theory,CS07-M07-O02-CODE@0.1.0,python313-isolate-dev@0.1.0,fixed_condition:versioned_server_rule;explanation/independent_transfer:pending,CS07-core.json#CS07-M07-O02/base/repaired;CS07-core.json#CS07-M07-O02/changed-condition/repaired,CS07-core.json#CS07-M07-O02/base/initial,changed-condition,os-policy,unavailable_no_professional_signoff,not_applicable_no_signoff,consult_versioned_reports;fixtures_are_not_execution_passes,full_depth;alternative_correct_solution;two_meaningful_errors;independent_transfer;open_review;Q4/Q5,partial_original_theory;not_Q1_complete,bounded_practice_ready;not_all_required_labs,fixed_condition_only;explanation_and_independence_pending
CS07-core-practice-0.1.0,CS07-M07,CS07-M07-O03,core,fixed_condition;explanation;independent_transfer,CS07/CS07-core-practice-0.1.0/manifest.json#CS07-M07-O03-CODE/theory,CS07-M07-O03-CODE@0.1.0,python313-isolate-dev@0.1.0,fixed_condition:versioned_server_rule;explanation/independent_transfer:pending,CS07-core.json#CS07-M07-O03/base/repaired;CS07-core.json#CS07-M07-O03/changed-condition/repaired,CS07-core.json#CS07-M07-O03/base/initial,changed-condition,os-policy,unavailable_no_professional_signoff,not_applicable_no_signoff,consult_versioned_reports;fixtures_are_not_execution_passes,full_depth;alternative_correct_solution;two_meaningful_errors;independent_transfer;open_review;Q4/Q5,partial_original_theory;not_Q1_complete,bounded_practice_ready;not_all_required_labs,fixed_condition_only;explanation_and_independence_pending
CS07-core-practice-0.1.0,CS07-M08,CS07-M08-O01,core,fixed_condition;explanation;independent_transfer,CS07/CS07-core-practice-0.1.0/manifest.json#CS07-M08-O01-CODE/theory,CS07-M08-O01-CODE@0.1.0,python313-isolate-dev@0.1.0,fixed_condition:versioned_server_rule;explanation/independent_transfer:pending,CS07-core.json#CS07-M08-O01/base/repaired;CS07-core.json#CS07-M08-O01/changed-condition/repaired,CS07-core.json#CS07-M08-O01/base/initial;CS07-core.json#CS07-M08-O01/changed-condition/initial,changed-condition,os-files,unavailable_no_professional_signoff,not_applicable_no_signoff,consult_versioned_reports;fixtures_are_not_execution_passes,full_depth;alternative_correct_solution;two_meaningful_errors;independent_transfer;open_review;Q4/Q5,partial_original_theory;not_Q1_complete,bounded_practice_ready;not_all_required_labs,fixed_condition_only;explanation_and_independence_pending
CS07-core-practice-0.1.0,CS07-M08,CS07-M08-O02,core,fixed_condition;explanation;independent_transfer,CS07/CS07-core-practice-0.1.0/manifest.json#CS07-M08-O02-CODE/theory,CS07-M08-O02-CODE@0.1.0,python313-isolate-dev@0.1.0,fixed_condition:versioned_server_rule;explanation/independent_transfer:pending,CS07-core.json#CS07-M08-O02/base/repaired;CS07-core.json#CS07-M08-O02/changed-condition/repaired,CS07-core.json#CS07-M08-O02/base/initial,changed-condition,os-files,unavailable_no_professional_signoff,not_applicable_no_signoff,consult_versioned_reports;fixtures_are_not_execution_passes,full_depth;alternative_correct_solution;two_meaningful_errors;independent_transfer;open_review;Q4/Q5,partial_original_theory;not_Q1_complete,bounded_practice_ready;not_all_required_labs,fixed_condition_only;explanation_and_independence_pending
CS07-core-practice-0.1.0,CS07-M08,CS07-M08-O03,core,fixed_condition;explanation;independent_transfer,CS07/CS07-core-practice-0.1.0/manifest.json#CS07-M08-O03-CODE/theory,CS07-M08-O03-CODE@0.1.0,python313-isolate-dev@0.1.0,fixed_condition:versioned_server_rule;explanation/independent_transfer:pending,CS07-core.json#CS07-M08-O03/base/repaired;CS07-core.json#CS07-M08-O03/changed-condition/repaired,CS07-core.json#CS07-M08-O03/base/initial;CS07-core.json#CS07-M08-O03/changed-condition/initial,changed-condition,os-files,unavailable_no_professional_signoff,not_applicable_no_signoff,consult_versioned_reports;fixtures_are_not_execution_passes,full_depth;alternative_correct_solution;two_meaningful_errors;independent_transfer;open_review;Q4/Q5,partial_original_theory;not_Q1_complete,bounded_practice_ready;not_all_required_labs,fixed_condition_only;explanation_and_independence_pending
CS07-core-practice-0.1.0,CS07-M09,CS07-M09-O01,core,fixed_condition;explanation;independent_transfer,CS07/CS07-core-practice-0.1.0/manifest.json#CS07-M09-O01-CODE/theory,CS07-M09-O01-CODE@0.1.0,python313-isolate-dev@0.1.0,fixed_condition:versioned_server_rule;explanation/independent_transfer:pending,CS07-core.json#CS07-M09-O01/base/repaired;CS07-core.json#CS07-M09-O01/changed-condition/repaired,CS07-core.json#CS07-M09-O01/base/initial,changed-condition,os-files,unavailable_no_professional_signoff,not_applicable_no_signoff,consult_versioned_reports;fixtures_are_not_execution_passes,full_depth;alternative_correct_solution;two_meaningful_errors;independent_transfer;open_review;Q4/Q5,partial_original_theory;not_Q1_complete,bounded_practice_ready;not_all_required_labs,fixed_condition_only;explanation_and_independence_pending
CS07-core-practice-0.1.0,CS07-M09,CS07-M09-O02,core,fixed_condition;explanation;independent_transfer,CS07/CS07-core-practice-0.1.0/manifest.json#CS07-M09-O02-CODE/theory,CS07-M09-O02-CODE@0.1.0,python313-isolate-dev@0.1.0,fixed_condition:versioned_server_rule;explanation/independent_transfer:pending,CS07-core.json#CS07-M09-O02/base/repaired;CS07-core.json#CS07-M09-O02/changed-condition/repaired,CS07-core.json#CS07-M09-O02/base/initial,changed-condition,os-limit,unavailable_no_professional_signoff,not_applicable_no_signoff,consult_versioned_reports;fixtures_are_not_execution_passes,full_depth;alternative_correct_solution;two_meaningful_errors;independent_transfer;open_review;Q4/Q5,partial_original_theory;not_Q1_complete,bounded_practice_ready;not_all_required_labs,fixed_condition_only;explanation_and_independence_pending
CS07-core-practice-0.1.0,CS07-M09,CS07-M09-O03,core,fixed_condition;explanation;independent_transfer,CS07/CS07-core-practice-0.1.0/manifest.json#CS07-M09-O03-CODE/theory,CS07-M09-O03-CODE@0.1.0,python313-isolate-dev@0.1.0,fixed_condition:versioned_server_rule;explanation/independent_transfer:pending,CS07-core.json#CS07-M09-O03/base/repaired;CS07-core.json#CS07-M09-O03/changed-condition/repaired,CS07-core.json#CS07-M09-O03/base/initial,changed-condition,os-process,unavailable_no_professional_signoff,not_applicable_no_signoff,consult_versioned_reports;fixtures_are_not_execution_passes,full_depth;alternative_correct_solution;two_meaningful_errors;independent_transfer;open_review;Q4/Q5,partial_original_theory;not_Q1_complete,bounded_practice_ready;not_all_required_labs,fixed_condition_only;explanation_and_independence_pending
CS08-core-practice-0.1.0,CS08-M01,CS08-M01-O01,core,fixed_condition;explanation;independent_transfer,CS08/CS08-core-practice-0.1.0/manifest.json#CS08-M01-O01-CODE/theory,CS08-M01-O01-CODE@0.1.0,python313-isolate-dev@0.1.0,fixed_condition:versioned_server_rule;explanation/independent_transfer:pending,CS08-core.json#CS08-M01-O01/base/repaired;CS08-core.json#CS08-M01-O01/changed-condition/repaired,CS08-core.json#CS08-M01-O01/base/initial;CS08-core.json#CS08-M01-O01/changed-condition/initial,changed-condition,net-tcp,unavailable_no_professional_signoff,not_applicable_no_signoff,consult_versioned_reports;fixtures_are_not_execution_passes,full_depth;alternative_correct_solution;two_meaningful_errors;independent_transfer;open_review;Q4/Q5,partial_original_theory;not_Q1_complete,bounded_practice_ready;not_all_required_labs,fixed_condition_only;explanation_and_independence_pending
CS08-core-practice-0.1.0,CS08-M01,CS08-M01-O02,core,fixed_condition;explanation;independent_transfer,CS08/CS08-core-practice-0.1.0/manifest.json#CS08-M01-O02-CODE/theory,CS08-M01-O02-CODE@0.1.0,python313-isolate-dev@0.1.0,fixed_condition:versioned_server_rule;explanation/independent_transfer:pending,CS08-core.json#CS08-M01-O02/base/repaired;CS08-core.json#CS08-M01-O02/changed-condition/repaired,CS08-core.json#CS08-M01-O02/base/initial;CS08-core.json#CS08-M01-O02/changed-condition/initial,changed-condition,net-mac,unavailable_no_professional_signoff,not_applicable_no_signoff,consult_versioned_reports;fixtures_are_not_execution_passes,full_depth;alternative_correct_solution;two_meaningful_errors;independent_transfer;open_review;Q4/Q5,partial_original_theory;not_Q1_complete,bounded_practice_ready;not_all_required_labs,fixed_condition_only;explanation_and_independence_pending
CS08-core-practice-0.1.0,CS08-M01,CS08-M01-O03,core,fixed_condition;explanation;independent_transfer,CS08/CS08-core-practice-0.1.0/manifest.json#CS08-M01-O03-CODE/theory,CS08-M01-O03-CODE@0.1.0,python313-isolate-dev@0.1.0,fixed_condition:versioned_server_rule;explanation/independent_transfer:pending,CS08-core.json#CS08-M01-O03/base/repaired;CS08-core.json#CS08-M01-O03/changed-condition/repaired,CS08-core.json#CS08-M01-O03/base/initial,changed-condition,net-mac,unavailable_no_professional_signoff,not_applicable_no_signoff,consult_versioned_reports;fixtures_are_not_execution_passes,full_depth;alternative_correct_solution;two_meaningful_errors;independent_transfer;open_review;Q4/Q5,partial_original_theory;not_Q1_complete,bounded_practice_ready;not_all_required_labs,fixed_condition_only;explanation_and_independence_pending
CS08-core-practice-0.1.0,CS08-M02,CS08-M02-O01,core,fixed_condition;explanation;independent_transfer,CS08/CS08-core-practice-0.1.0/manifest.json#CS08-M02-O01-CODE/theory,CS08-M02-O01-CODE@0.1.0,python313-isolate-dev@0.1.0,fixed_condition:versioned_server_rule;explanation/independent_transfer:pending,CS08-core.json#CS08-M02-O01/base/repaired;CS08-core.json#CS08-M02-O01/changed-condition/repaired,CS08-core.json#CS08-M02-O01/base/initial,changed-condition,net-frame,unavailable_no_professional_signoff,not_applicable_no_signoff,consult_versioned_reports;fixtures_are_not_execution_passes,full_depth;alternative_correct_solution;two_meaningful_errors;independent_transfer;open_review;Q4/Q5,partial_original_theory;not_Q1_complete,bounded_practice_ready;not_all_required_labs,fixed_condition_only;explanation_and_independence_pending
CS08-core-practice-0.1.0,CS08-M02,CS08-M02-O02,core,fixed_condition;explanation;independent_transfer,CS08/CS08-core-practice-0.1.0/manifest.json#CS08-M02-O02-CODE/theory,CS08-M02-O02-CODE@0.1.0,python313-isolate-dev@0.1.0,fixed_condition:versioned_server_rule;explanation/independent_transfer:pending,CS08-core.json#CS08-M02-O02/base/repaired;CS08-core.json#CS08-M02-O02/changed-condition/repaired,CS08-core.json#CS08-M02-O02/base/initial,changed-condition,net-crc,unavailable_no_professional_signoff,not_applicable_no_signoff,consult_versioned_reports;fixtures_are_not_execution_passes,full_depth;alternative_correct_solution;two_meaningful_errors;independent_transfer;open_review;Q4/Q5,partial_original_theory;not_Q1_complete,bounded_practice_ready;not_all_required_labs,fixed_condition_only;explanation_and_independence_pending
CS08-core-practice-0.1.0,CS08-M02,CS08-M02-O03,core,fixed_condition;explanation;independent_transfer,CS08/CS08-core-practice-0.1.0/manifest.json#CS08-M02-O03-CODE/theory,CS08-M02-O03-CODE@0.1.0,python313-isolate-dev@0.1.0,fixed_condition:versioned_server_rule;explanation/independent_transfer:pending,CS08-core.json#CS08-M02-O03/base/repaired;CS08-core.json#CS08-M02-O03/changed-condition/repaired,CS08-core.json#CS08-M02-O03/base/initial,changed-condition,net-mac,unavailable_no_professional_signoff,not_applicable_no_signoff,consult_versioned_reports;fixtures_are_not_execution_passes,full_depth;alternative_correct_solution;two_meaningful_errors;independent_transfer;open_review;Q4/Q5,partial_original_theory;not_Q1_complete,bounded_practice_ready;not_all_required_labs,fixed_condition_only;explanation_and_independence_pending
CS08-core-practice-0.1.0,CS08-M03,CS08-M03-O01,core,fixed_condition;explanation;independent_transfer,CS08/CS08-core-practice-0.1.0/manifest.json#CS08-M03-O01-CODE/theory,CS08-M03-O01-CODE@0.1.0,python313-isolate-dev@0.1.0,fixed_condition:versioned_server_rule;explanation/independent_transfer:pending,CS08-core.json#CS08-M03-O01/base/repaired;CS08-core.json#CS08-M03-O01/changed-condition/repaired,CS08-core.json#CS08-M03-O01/base/initial,changed-condition,net-switch,unavailable_no_professional_signoff,not_applicable_no_signoff,consult_versioned_reports;fixtures_are_not_execution_passes,full_depth;alternative_correct_solution;two_meaningful_errors;independent_transfer;open_review;Q4/Q5,partial_original_theory;not_Q1_complete,bounded_practice_ready;not_all_required_labs,fixed_condition_only;explanation_and_independence_pending
CS08-core-practice-0.1.0,CS08-M03,CS08-M03-O02,core,fixed_condition;explanation;independent_transfer,CS08/CS08-core-practice-0.1.0/manifest.json#CS08-M03-O02-CODE/theory,CS08-M03-O02-CODE@0.1.0,python313-isolate-dev@0.1.0,fixed_condition:versioned_server_rule;explanation/independent_transfer:pending,CS08-core.json#CS08-M03-O02/base/repaired;CS08-core.json#CS08-M03-O02/changed-condition/repaired,CS08-core.json#CS08-M03-O02/base/initial,changed-condition,net-switch,unavailable_no_professional_signoff,not_applicable_no_signoff,consult_versioned_reports;fixtures_are_not_execution_passes,full_depth;alternative_correct_solution;two_meaningful_errors;independent_transfer;open_review;Q4/Q5,partial_original_theory;not_Q1_complete,bounded_practice_ready;not_all_required_labs,fixed_condition_only;explanation_and_independence_pending
CS08-core-practice-0.1.0,CS08-M03,CS08-M03-O03,core,fixed_condition;explanation;independent_transfer,CS08/CS08-core-practice-0.1.0/manifest.json#CS08-M03-O03-CODE/theory,CS08-M03-O03-CODE@0.1.0,python313-isolate-dev@0.1.0,fixed_condition:versioned_server_rule;explanation/independent_transfer:pending,CS08-core.json#CS08-M03-O03/base/repaired;CS08-core.json#CS08-M03-O03/changed-condition/repaired,CS08-core.json#CS08-M03-O03/base/initial,changed-condition,net-switch,unavailable_no_professional_signoff,not_applicable_no_signoff,consult_versioned_reports;fixtures_are_not_execution_passes,full_depth;alternative_correct_solution;two_meaningful_errors;independent_transfer;open_review;Q4/Q5,partial_original_theory;not_Q1_complete,bounded_practice_ready;not_all_required_labs,fixed_condition_only;explanation_and_independence_pending
CS08-core-practice-0.1.0,CS08-M04,CS08-M04-O01,core,fixed_condition;explanation;independent_transfer,CS08/CS08-core-practice-0.1.0/manifest.json#CS08-M04-O01-CODE/theory,CS08-M04-O01-CODE@0.1.0,python313-isolate-dev@0.1.0,fixed_condition:versioned_server_rule;explanation/independent_transfer:pending,CS08-core.json#CS08-M04-O01/base/repaired;CS08-core.json#CS08-M04-O01/changed-condition/repaired,CS08-core.json#CS08-M04-O01/changed-condition/initial,changed-condition,net-ip,unavailable_no_professional_signoff,not_applicable_no_signoff,consult_versioned_reports;fixtures_are_not_execution_passes,full_depth;alternative_correct_solution;two_meaningful_errors;independent_transfer;open_review;Q4/Q5,partial_original_theory;not_Q1_complete,bounded_practice_ready;not_all_required_labs,fixed_condition_only;explanation_and_independence_pending
CS08-core-practice-0.1.0,CS08-M04,CS08-M04-O02,core,fixed_condition;explanation;independent_transfer,CS08/CS08-core-practice-0.1.0/manifest.json#CS08-M04-O02-CODE/theory,CS08-M04-O02-CODE@0.1.0,python313-isolate-dev@0.1.0,fixed_condition:versioned_server_rule;explanation/independent_transfer:pending,CS08-core.json#CS08-M04-O02/base/repaired;CS08-core.json#CS08-M04-O02/changed-condition/repaired,CS08-core.json#CS08-M04-O02/base/initial,changed-condition,net-nd,unavailable_no_professional_signoff,not_applicable_no_signoff,consult_versioned_reports;fixtures_are_not_execution_passes,full_depth;alternative_correct_solution;two_meaningful_errors;independent_transfer;open_review;Q4/Q5,partial_original_theory;not_Q1_complete,bounded_practice_ready;not_all_required_labs,fixed_condition_only;explanation_and_independence_pending
CS08-core-practice-0.1.0,CS08-M04,CS08-M04-O03,core,fixed_condition;explanation;independent_transfer,CS08/CS08-core-practice-0.1.0/manifest.json#CS08-M04-O03-CODE/theory,CS08-M04-O03-CODE@0.1.0,python313-isolate-dev@0.1.0,fixed_condition:versioned_server_rule;explanation/independent_transfer:pending,CS08-core.json#CS08-M04-O03/base/repaired;CS08-core.json#CS08-M04-O03/changed-condition/repaired,CS08-core.json#CS08-M04-O03/base/initial,changed-condition,net-ip,unavailable_no_professional_signoff,not_applicable_no_signoff,consult_versioned_reports;fixtures_are_not_execution_passes,full_depth;alternative_correct_solution;two_meaningful_errors;independent_transfer;open_review;Q4/Q5,partial_original_theory;not_Q1_complete,bounded_practice_ready;not_all_required_labs,fixed_condition_only;explanation_and_independence_pending
CS08-core-practice-0.1.0,CS08-M05,CS08-M05-O01,core,fixed_condition;explanation;independent_transfer,CS08/CS08-core-practice-0.1.0/manifest.json#CS08-M05-O01-CODE/theory,CS08-M05-O01-CODE@0.1.0,python313-isolate-dev@0.1.0,fixed_condition:versioned_server_rule;explanation/independent_transfer:pending,CS08-core.json#CS08-M05-O01/base/repaired;CS08-core.json#CS08-M05-O01/changed-condition/repaired,CS08-core.json#CS08-M05-O01/base/initial,changed-condition,net-prefix,unavailable_no_professional_signoff,not_applicable_no_signoff,consult_versioned_reports;fixtures_are_not_execution_passes,full_depth;alternative_correct_solution;two_meaningful_errors;independent_transfer;open_review;Q4/Q5,partial_original_theory;not_Q1_complete,bounded_practice_ready;not_all_required_labs,fixed_condition_only;explanation_and_independence_pending
CS08-core-practice-0.1.0,CS08-M05,CS08-M05-O02,core,fixed_condition;explanation;independent_transfer,CS08/CS08-core-practice-0.1.0/manifest.json#CS08-M05-O02-CODE/theory,CS08-M05-O02-CODE@0.1.0,python313-isolate-dev@0.1.0,fixed_condition:versioned_server_rule;explanation/independent_transfer:pending,CS08-core.json#CS08-M05-O02/base/repaired;CS08-core.json#CS08-M05-O02/changed-condition/repaired,CS08-core.json#CS08-M05-O02/base/initial,changed-condition,net-prefix,unavailable_no_professional_signoff,not_applicable_no_signoff,consult_versioned_reports;fixtures_are_not_execution_passes,full_depth;alternative_correct_solution;two_meaningful_errors;independent_transfer;open_review;Q4/Q5,partial_original_theory;not_Q1_complete,bounded_practice_ready;not_all_required_labs,fixed_condition_only;explanation_and_independence_pending
CS08-core-practice-0.1.0,CS08-M05,CS08-M05-O03,core,fixed_condition;explanation;independent_transfer,CS08/CS08-core-practice-0.1.0/manifest.json#CS08-M05-O03-CODE/theory,CS08-M05-O03-CODE@0.1.0,python313-isolate-dev@0.1.0,fixed_condition:versioned_server_rule;explanation/independent_transfer:pending,CS08-core.json#CS08-M05-O03/base/repaired;CS08-core.json#CS08-M05-O03/changed-condition/repaired,CS08-core.json#CS08-M05-O03/base/initial,changed-condition,net-prefix,unavailable_no_professional_signoff,not_applicable_no_signoff,consult_versioned_reports;fixtures_are_not_execution_passes,full_depth;alternative_correct_solution;two_meaningful_errors;independent_transfer;open_review;Q4/Q5,partial_original_theory;not_Q1_complete,bounded_practice_ready;not_all_required_labs,fixed_condition_only;explanation_and_independence_pending
CS08-core-practice-0.1.0,CS08-M06,CS08-M06-O01,core,fixed_condition;explanation;independent_transfer,CS08/CS08-core-practice-0.1.0/manifest.json#CS08-M06-O01-CODE/theory,CS08-M06-O01-CODE@0.1.0,python313-isolate-dev@0.1.0,fixed_condition:versioned_server_rule;explanation/independent_transfer:pending,CS08-core.json#CS08-M06-O01/base/repaired;CS08-core.json#CS08-M06-O01/changed-condition/repaired,CS08-core.json#CS08-M06-O01/base/initial,changed-condition,net-arp,unavailable_no_professional_signoff,not_applicable_no_signoff,consult_versioned_reports;fixtures_are_not_execution_passes,full_depth;alternative_correct_solution;two_meaningful_errors;independent_transfer;open_review;Q4/Q5,partial_original_theory;not_Q1_complete,bounded_practice_ready;not_all_required_labs,fixed_condition_only;explanation_and_independence_pending
CS08-core-practice-0.1.0,CS08-M06,CS08-M06-O02,core,fixed_condition;explanation;independent_transfer,CS08/CS08-core-practice-0.1.0/manifest.json#CS08-M06-O02-CODE/theory,CS08-M06-O02-CODE@0.1.0,python313-isolate-dev@0.1.0,fixed_condition:versioned_server_rule;explanation/independent_transfer:pending,CS08-core.json#CS08-M06-O02/base/repaired;CS08-core.json#CS08-M06-O02/changed-condition/repaired,CS08-core.json#CS08-M06-O02/base/initial,changed-condition,net-ipv6,unavailable_no_professional_signoff,not_applicable_no_signoff,consult_versioned_reports;fixtures_are_not_execution_passes,full_depth;alternative_correct_solution;two_meaningful_errors;independent_transfer;open_review;Q4/Q5,partial_original_theory;not_Q1_complete,bounded_practice_ready;not_all_required_labs,fixed_condition_only;explanation_and_independence_pending
CS08-core-practice-0.1.0,CS08-M06,CS08-M06-O03,core,fixed_condition;explanation;independent_transfer,CS08/CS08-core-practice-0.1.0/manifest.json#CS08-M06-O03-CODE/theory,CS08-M06-O03-CODE@0.1.0,python313-isolate-dev@0.1.0,fixed_condition:versioned_server_rule;explanation/independent_transfer:pending,CS08-core.json#CS08-M06-O03/base/repaired;CS08-core.json#CS08-M06-O03/changed-condition/repaired,CS08-core.json#CS08-M06-O03/base/initial,changed-condition,net-http,unavailable_no_professional_signoff,not_applicable_no_signoff,consult_versioned_reports;fixtures_are_not_execution_passes,full_depth;alternative_correct_solution;two_meaningful_errors;independent_transfer;open_review;Q4/Q5,partial_original_theory;not_Q1_complete,bounded_practice_ready;not_all_required_labs,fixed_condition_only;explanation_and_independence_pending
CS08-core-practice-0.1.0,CS08-M07,CS08-M07-O01,core,fixed_condition;explanation;independent_transfer,CS08/CS08-core-practice-0.1.0/manifest.json#CS08-M07-O01-CODE/theory,CS08-M07-O01-CODE@0.1.0,python313-isolate-dev@0.1.0,fixed_condition:versioned_server_rule;explanation/independent_transfer:pending,CS08-core.json#CS08-M07-O01/base/repaired;CS08-core.json#CS08-M07-O01/changed-condition/repaired,CS08-core.json#CS08-M07-O01/base/initial;CS08-core.json#CS08-M07-O01/changed-condition/initial,changed-condition,net-socket,unavailable_no_professional_signoff,not_applicable_no_signoff,consult_versioned_reports;fixtures_are_not_execution_passes,full_depth;alternative_correct_solution;two_meaningful_errors;independent_transfer;open_review;Q4/Q5,partial_original_theory;not_Q1_complete,bounded_practice_ready;not_all_required_labs,fixed_condition_only;explanation_and_independence_pending
CS08-core-practice-0.1.0,CS08-M07,CS08-M07-O02,core,fixed_condition;explanation;independent_transfer,CS08/CS08-core-practice-0.1.0/manifest.json#CS08-M07-O02-CODE/theory,CS08-M07-O02-CODE@0.1.0,python313-isolate-dev@0.1.0,fixed_condition:versioned_server_rule;explanation/independent_transfer:pending,CS08-core.json#CS08-M07-O02/base/repaired;CS08-core.json#CS08-M07-O02/changed-condition/repaired,CS08-core.json#CS08-M07-O02/base/initial;CS08-core.json#CS08-M07-O02/changed-condition/initial,changed-condition,net-tcp,unavailable_no_professional_signoff,not_applicable_no_signoff,consult_versioned_reports;fixtures_are_not_execution_passes,full_depth;alternative_correct_solution;two_meaningful_errors;independent_transfer;open_review;Q4/Q5,partial_original_theory;not_Q1_complete,bounded_practice_ready;not_all_required_labs,fixed_condition_only;explanation_and_independence_pending
CS08-core-practice-0.1.0,CS08-M07,CS08-M07-O03,core,fixed_condition;explanation;independent_transfer,CS08/CS08-core-practice-0.1.0/manifest.json#CS08-M07-O03-CODE/theory,CS08-M07-O03-CODE@0.1.0,python313-isolate-dev@0.1.0,fixed_condition:versioned_server_rule;explanation/independent_transfer:pending,CS08-core.json#CS08-M07-O03/base/repaired;CS08-core.json#CS08-M07-O03/changed-condition/repaired,CS08-core.json#CS08-M07-O03/base/initial;CS08-core.json#CS08-M07-O03/changed-condition/initial,changed-condition,net-udp,unavailable_no_professional_signoff,not_applicable_no_signoff,consult_versioned_reports;fixtures_are_not_execution_passes,full_depth;alternative_correct_solution;two_meaningful_errors;independent_transfer;open_review;Q4/Q5,partial_original_theory;not_Q1_complete,bounded_practice_ready;not_all_required_labs,fixed_condition_only;explanation_and_independence_pending
CS08-core-practice-0.1.0,CS08-M08,CS08-M08-O01,core,fixed_condition;explanation;independent_transfer,CS08/CS08-core-practice-0.1.0/manifest.json#CS08-M08-O01-CODE/theory,CS08-M08-O01-CODE@0.1.0,python313-isolate-dev@0.1.0,fixed_condition:versioned_server_rule;explanation/independent_transfer:pending,CS08-core.json#CS08-M08-O01/base/repaired;CS08-core.json#CS08-M08-O01/changed-condition/repaired,CS08-core.json#CS08-M08-O01/base/initial,changed-condition,net-dns,unavailable_no_professional_signoff,not_applicable_no_signoff,consult_versioned_reports;fixtures_are_not_execution_passes,full_depth;alternative_correct_solution;two_meaningful_errors;independent_transfer;open_review;Q4/Q5,partial_original_theory;not_Q1_complete,bounded_practice_ready;not_all_required_labs,fixed_condition_only;explanation_and_independence_pending
CS08-core-practice-0.1.0,CS08-M08,CS08-M08-O02,core,fixed_condition;explanation;independent_transfer,CS08/CS08-core-practice-0.1.0/manifest.json#CS08-M08-O02-CODE/theory,CS08-M08-O02-CODE@0.1.0,python313-isolate-dev@0.1.0,fixed_condition:versioned_server_rule;explanation/independent_transfer:pending,CS08-core.json#CS08-M08-O02/base/repaired;CS08-core.json#CS08-M08-O02/changed-condition/repaired,CS08-core.json#CS08-M08-O02/base/initial;CS08-core.json#CS08-M08-O02/changed-condition/initial,changed-condition,net-http,unavailable_no_professional_signoff,not_applicable_no_signoff,consult_versioned_reports;fixtures_are_not_execution_passes,full_depth;alternative_correct_solution;two_meaningful_errors;independent_transfer;open_review;Q4/Q5,partial_original_theory;not_Q1_complete,bounded_practice_ready;not_all_required_labs,fixed_condition_only;explanation_and_independence_pending
CS08-core-practice-0.1.0,CS08-M08,CS08-M08-O03,core,fixed_condition;explanation;independent_transfer,CS08/CS08-core-practice-0.1.0/manifest.json#CS08-M08-O03-CODE/theory,CS08-M08-O03-CODE@0.1.0,python313-isolate-dev@0.1.0,fixed_condition:versioned_server_rule;explanation/independent_transfer:pending,CS08-core.json#CS08-M08-O03/base/repaired;CS08-core.json#CS08-M08-O03/changed-condition/repaired,CS08-core.json#CS08-M08-O03/base/initial,changed-condition,net-tls,unavailable_no_professional_signoff,not_applicable_no_signoff,consult_versioned_reports;fixtures_are_not_execution_passes,full_depth;alternative_correct_solution;two_meaningful_errors;independent_transfer;open_review;Q4/Q5,partial_original_theory;not_Q1_complete,bounded_practice_ready;not_all_required_labs,fixed_condition_only;explanation_and_independence_pending
CS08-core-practice-0.1.0,CS08-M09,CS08-M09-O01,core,fixed_condition;explanation;independent_transfer,CS08/CS08-core-practice-0.1.0/manifest.json#CS08-M09-O01-CODE/theory,CS08-M09-O01-CODE@0.1.0,python313-isolate-dev@0.1.0,fixed_condition:versioned_server_rule;explanation/independent_transfer:pending,CS08-core.json#CS08-M09-O01/base/repaired;CS08-core.json#CS08-M09-O01/changed-condition/repaired,CS08-core.json#CS08-M09-O01/base/initial,changed-condition,net-wireless,unavailable_no_professional_signoff,not_applicable_no_signoff,consult_versioned_reports;fixtures_are_not_execution_passes,full_depth;alternative_correct_solution;two_meaningful_errors;independent_transfer;open_review;Q4/Q5,partial_original_theory;not_Q1_complete,bounded_practice_ready;not_all_required_labs,fixed_condition_only;explanation_and_independence_pending
CS08-core-practice-0.1.0,CS08-M09,CS08-M09-O02,core,fixed_condition;explanation;independent_transfer,CS08/CS08-core-practice-0.1.0/manifest.json#CS08-M09-O02-CODE/theory,CS08-M09-O02-CODE@0.1.0,python313-isolate-dev@0.1.0,fixed_condition:versioned_server_rule;explanation/independent_transfer:pending,CS08-core.json#CS08-M09-O02/base/repaired;CS08-core.json#CS08-M09-O02/changed-condition/repaired,CS08-core.json#CS08-M09-O02/base/initial,changed-condition,net-hmac,unavailable_no_professional_signoff,not_applicable_no_signoff,consult_versioned_reports;fixtures_are_not_execution_passes,full_depth;alternative_correct_solution;two_meaningful_errors;independent_transfer;open_review;Q4/Q5,partial_original_theory;not_Q1_complete,bounded_practice_ready;not_all_required_labs,fixed_condition_only;explanation_and_independence_pending
CS08-core-practice-0.1.0,CS08-M09,CS08-M09-O03,core,fixed_condition;explanation;independent_transfer,CS08/CS08-core-practice-0.1.0/manifest.json#CS08-M09-O03-CODE/theory,CS08-M09-O03-CODE@0.1.0,python313-isolate-dev@0.1.0,fixed_condition:versioned_server_rule;explanation/independent_transfer:pending,CS08-core.json#CS08-M09-O03/base/repaired;CS08-core.json#CS08-M09-O03/changed-condition/repaired,CS08-core.json#CS08-M09-O03/base/initial,changed-condition,net-tls,unavailable_no_professional_signoff,not_applicable_no_signoff,consult_versioned_reports;fixtures_are_not_execution_passes,full_depth;alternative_correct_solution;two_meaningful_errors;independent_transfer;open_review;Q4/Q5,partial_original_theory;not_Q1_complete,bounded_practice_ready;not_all_required_labs,fixed_condition_only;explanation_and_independence_pending
CS08-core-practice-0.1.0,CS08-M10,CS08-M10-O01,core,fixed_condition;explanation;independent_transfer,CS08/CS08-core-practice-0.1.0/manifest.json#CS08-M10-O01-CODE/theory,CS08-M10-O01-CODE@0.1.0,python313-isolate-dev@0.1.0,fixed_condition:versioned_server_rule;explanation/independent_transfer:pending,CS08-core.json#CS08-M10-O01/base/repaired;CS08-core.json#CS08-M10-O01/changed-condition/repaired,CS08-core.json#CS08-M10-O01/base/initial,changed-condition,net-http,unavailable_no_professional_signoff,not_applicable_no_signoff,consult_versioned_reports;fixtures_are_not_execution_passes,full_depth;alternative_correct_solution;two_meaningful_errors;independent_transfer;open_review;Q4/Q5,partial_original_theory;not_Q1_complete,bounded_practice_ready;not_all_required_labs,fixed_condition_only;explanation_and_independence_pending
CS08-core-practice-0.1.0,CS08-M10,CS08-M10-O02,core,fixed_condition;explanation;independent_transfer,CS08/CS08-core-practice-0.1.0/manifest.json#CS08-M10-O02-CODE/theory,CS08-M10-O02-CODE@0.1.0,python313-isolate-dev@0.1.0,fixed_condition:versioned_server_rule;explanation/independent_transfer:pending,CS08-core.json#CS08-M10-O02/base/repaired;CS08-core.json#CS08-M10-O02/changed-condition/repaired,CS08-core.json#CS08-M10-O02/base/initial,changed-condition,net-socket,unavailable_no_professional_signoff,not_applicable_no_signoff,consult_versioned_reports;fixtures_are_not_execution_passes,full_depth;alternative_correct_solution;two_meaningful_errors;independent_transfer;open_review;Q4/Q5,partial_original_theory;not_Q1_complete,bounded_practice_ready;not_all_required_labs,fixed_condition_only;explanation_and_independence_pending
CS08-core-practice-0.1.0,CS08-M10,CS08-M10-O03,core,fixed_condition;explanation;independent_transfer,CS08/CS08-core-practice-0.1.0/manifest.json#CS08-M10-O03-CODE/theory,CS08-M10-O03-CODE@0.1.0,python313-isolate-dev@0.1.0,fixed_condition:versioned_server_rule;explanation/independent_transfer:pending,CS08-core.json#CS08-M10-O03/base/repaired;CS08-core.json#CS08-M10-O03/changed-condition/repaired,CS08-core.json#CS08-M10-O03/base/initial,changed-condition,net-socket,unavailable_no_professional_signoff,not_applicable_no_signoff,consult_versioned_reports;fixtures_are_not_execution_passes,full_depth;alternative_correct_solution;two_meaningful_errors;independent_transfer;open_review;Q4/Q5,partial_original_theory;not_Q1_complete,bounded_practice_ready;not_all_required_labs,fixed_condition_only;explanation_and_independence_pending
CS09-core-practice-0.1.0,CS09-M01,CS09-M01-O01,core,fixed_condition;explanation;independent_transfer,CS09/CS09-core-practice-0.1.0/manifest.json#CS09-M01-O01-CODE/theory,CS09-M01-O01-CODE@0.1.0,postgres18-isolate-dev@0.1.0,fixed_condition:versioned_server_rule;explanation/independent_transfer:pending,CS09-core.json#CS09-M01-O01/base/repaired;CS09-core.json#CS09-M01-O01/changed-condition/repaired,CS09-core.json#CS09-M01-O01/base/initial,changed-condition,db-constraints,unavailable_no_professional_signoff,not_applicable_no_signoff,consult_versioned_reports;fixtures_are_not_execution_passes,full_depth;alternative_correct_solution;two_meaningful_errors;independent_transfer;open_review;Q4/Q5,partial_original_theory;not_Q1_complete,bounded_practice_ready;not_all_required_labs,fixed_condition_only;explanation_and_independence_pending
CS09-core-practice-0.1.0,CS09-M01,CS09-M01-O02,core,fixed_condition;explanation;independent_transfer,CS09/CS09-core-practice-0.1.0/manifest.json#CS09-M01-O02-CODE/theory,CS09-M01-O02-CODE@0.1.0,postgres18-isolate-dev@0.1.0,fixed_condition:versioned_server_rule;explanation/independent_transfer:pending,CS09-core.json#CS09-M01-O02/base/repaired;CS09-core.json#CS09-M01-O02/changed-condition/repaired,CS09-core.json#CS09-M01-O02/base/initial,changed-condition,db-queries,unavailable_no_professional_signoff,not_applicable_no_signoff,consult_versioned_reports;fixtures_are_not_execution_passes,full_depth;alternative_correct_solution;two_meaningful_errors;independent_transfer;open_review;Q4/Q5,partial_original_theory;not_Q1_complete,bounded_practice_ready;not_all_required_labs,fixed_condition_only;explanation_and_independence_pending
CS09-core-practice-0.1.0,CS09-M01,CS09-M01-O03,core,fixed_condition;explanation;independent_transfer,CS09/CS09-core-practice-0.1.0/manifest.json#CS09-M01-O03-CODE/theory,CS09-M01-O03-CODE@0.1.0,postgres18-isolate-dev@0.1.0,fixed_condition:versioned_server_rule;explanation/independent_transfer:pending,CS09-core.json#CS09-M01-O03/base/repaired;CS09-core.json#CS09-M01-O03/changed-condition/repaired,CS09-core.json#CS09-M01-O03/base/initial,changed-condition,db-queries,unavailable_no_professional_signoff,not_applicable_no_signoff,consult_versioned_reports;fixtures_are_not_execution_passes,full_depth;alternative_correct_solution;two_meaningful_errors;independent_transfer;open_review;Q4/Q5,partial_original_theory;not_Q1_complete,bounded_practice_ready;not_all_required_labs,fixed_condition_only;explanation_and_independence_pending
CS09-core-practice-0.1.0,CS09-M02,CS09-M02-O01,core,fixed_condition;explanation;independent_transfer,CS09/CS09-core-practice-0.1.0/manifest.json#CS09-M02-O01-CODE/theory,CS09-M02-O01-CODE@0.1.0,postgres18-isolate-dev@0.1.0,fixed_condition:versioned_server_rule;explanation/independent_transfer:pending,CS09-core.json#CS09-M02-O01/base/repaired;CS09-core.json#CS09-M02-O01/changed-condition/repaired,CS09-core.json#CS09-M02-O01/base/initial,changed-condition,db-constraints,unavailable_no_professional_signoff,not_applicable_no_signoff,consult_versioned_reports;fixtures_are_not_execution_passes,full_depth;alternative_correct_solution;two_meaningful_errors;independent_transfer;open_review;Q4/Q5,partial_original_theory;not_Q1_complete,bounded_practice_ready;not_all_required_labs,fixed_condition_only;explanation_and_independence_pending
CS09-core-practice-0.1.0,CS09-M02,CS09-M02-O02,core,fixed_condition;explanation;independent_transfer,CS09/CS09-core-practice-0.1.0/manifest.json#CS09-M02-O02-CODE/theory,CS09-M02-O02-CODE@0.1.0,postgres18-isolate-dev@0.1.0,fixed_condition:versioned_server_rule;explanation/independent_transfer:pending,CS09-core.json#CS09-M02-O02/base/repaired;CS09-core.json#CS09-M02-O02/changed-condition/repaired,CS09-core.json#CS09-M02-O02/base/initial,changed-condition,db-constraints,unavailable_no_professional_signoff,not_applicable_no_signoff,consult_versioned_reports;fixtures_are_not_execution_passes,full_depth;alternative_correct_solution;two_meaningful_errors;independent_transfer;open_review;Q4/Q5,partial_original_theory;not_Q1_complete,bounded_practice_ready;not_all_required_labs,fixed_condition_only;explanation_and_independence_pending
CS09-core-practice-0.1.0,CS09-M02,CS09-M02-O03,core,fixed_condition;explanation;independent_transfer,CS09/CS09-core-practice-0.1.0/manifest.json#CS09-M02-O03-CODE/theory,CS09-M02-O03-CODE@0.1.0,postgres18-isolate-dev@0.1.0,fixed_condition:versioned_server_rule;explanation/independent_transfer:pending,CS09-core.json#CS09-M02-O03/base/repaired;CS09-core.json#CS09-M02-O03/changed-condition/repaired,CS09-core.json#CS09-M02-O03/base/initial,changed-condition,db-constraints,unavailable_no_professional_signoff,not_applicable_no_signoff,consult_versioned_reports;fixtures_are_not_execution_passes,full_depth;alternative_correct_solution;two_meaningful_errors;independent_transfer;open_review;Q4/Q5,partial_original_theory;not_Q1_complete,bounded_practice_ready;not_all_required_labs,fixed_condition_only;explanation_and_independence_pending
CS09-core-practice-0.1.0,CS09-M03,CS09-M03-O01,core,fixed_condition;explanation;independent_transfer,CS09/CS09-core-practice-0.1.0/manifest.json#CS09-M03-O01-CODE/theory,CS09-M03-O01-CODE@0.1.0,postgres18-isolate-dev@0.1.0,fixed_condition:versioned_server_rule;explanation/independent_transfer:pending,CS09-core.json#CS09-M03-O01/base/repaired;CS09-core.json#CS09-M03-O01/changed-condition/repaired,CS09-core.json#CS09-M03-O01/base/initial;CS09-core.json#CS09-M03-O01/changed-condition/initial,changed-condition,db-queries,unavailable_no_professional_signoff,not_applicable_no_signoff,consult_versioned_reports;fixtures_are_not_execution_passes,full_depth;alternative_correct_solution;two_meaningful_errors;independent_transfer;open_review;Q4/Q5,partial_original_theory;not_Q1_complete,bounded_practice_ready;not_all_required_labs,fixed_condition_only;explanation_and_independence_pending
CS09-core-practice-0.1.0,CS09-M03,CS09-M03-O02,core,fixed_condition;explanation;independent_transfer,CS09/CS09-core-practice-0.1.0/manifest.json#CS09-M03-O02-CODE/theory,CS09-M03-O02-CODE@0.1.0,postgres18-isolate-dev@0.1.0,fixed_condition:versioned_server_rule;explanation/independent_transfer:pending,CS09-core.json#CS09-M03-O02/base/repaired;CS09-core.json#CS09-M03-O02/changed-condition/repaired,CS09-core.json#CS09-M03-O02/base/initial;CS09-core.json#CS09-M03-O02/changed-condition/initial,changed-condition,db-queries,unavailable_no_professional_signoff,not_applicable_no_signoff,consult_versioned_reports;fixtures_are_not_execution_passes,full_depth;alternative_correct_solution;two_meaningful_errors;independent_transfer;open_review;Q4/Q5,partial_original_theory;not_Q1_complete,bounded_practice_ready;not_all_required_labs,fixed_condition_only;explanation_and_independence_pending
CS09-core-practice-0.1.0,CS09-M03,CS09-M03-O03,core,fixed_condition;explanation;independent_transfer,CS09/CS09-core-practice-0.1.0/manifest.json#CS09-M03-O03-CODE/theory,CS09-M03-O03-CODE@0.1.0,postgres18-isolate-dev@0.1.0,fixed_condition:versioned_server_rule;explanation/independent_transfer:pending,CS09-core.json#CS09-M03-O03/base/repaired;CS09-core.json#CS09-M03-O03/changed-condition/repaired,CS09-core.json#CS09-M03-O03/base/initial,changed-condition,db-constraints,unavailable_no_professional_signoff,not_applicable_no_signoff,consult_versioned_reports;fixtures_are_not_execution_passes,full_depth;alternative_correct_solution;two_meaningful_errors;independent_transfer;open_review;Q4/Q5,partial_original_theory;not_Q1_complete,bounded_practice_ready;not_all_required_labs,fixed_condition_only;explanation_and_independence_pending
CS09-core-practice-0.1.0,CS09-M04,CS09-M04-O01,core,fixed_condition;explanation;independent_transfer,CS09/CS09-core-practice-0.1.0/manifest.json#CS09-M04-O01-CODE/theory,CS09-M04-O01-CODE@0.1.0,postgres18-isolate-dev@0.1.0,fixed_condition:versioned_server_rule;explanation/independent_transfer:pending,CS09-core.json#CS09-M04-O01/base/repaired;CS09-core.json#CS09-M04-O01/changed-condition/repaired,CS09-core.json#CS09-M04-O01/base/initial,changed-condition,db-queries,unavailable_no_professional_signoff,not_applicable_no_signoff,consult_versioned_reports;fixtures_are_not_execution_passes,full_depth;alternative_correct_solution;two_meaningful_errors;independent_transfer;open_review;Q4/Q5,partial_original_theory;not_Q1_complete,bounded_practice_ready;not_all_required_labs,fixed_condition_only;explanation_and_independence_pending
CS09-core-practice-0.1.0,CS09-M04,CS09-M04-O02,core,fixed_condition;explanation;independent_transfer,CS09/CS09-core-practice-0.1.0/manifest.json#CS09-M04-O02-CODE/theory,CS09-M04-O02-CODE@0.1.0,postgres18-isolate-dev@0.1.0,fixed_condition:versioned_server_rule;explanation/independent_transfer:pending,CS09-core.json#CS09-M04-O02/base/repaired;CS09-core.json#CS09-M04-O02/changed-condition/repaired,CS09-core.json#CS09-M04-O02/base/initial,changed-condition,db-queries,unavailable_no_professional_signoff,not_applicable_no_signoff,consult_versioned_reports;fixtures_are_not_execution_passes,full_depth;alternative_correct_solution;two_meaningful_errors;independent_transfer;open_review;Q4/Q5,partial_original_theory;not_Q1_complete,bounded_practice_ready;not_all_required_labs,fixed_condition_only;explanation_and_independence_pending
CS09-core-practice-0.1.0,CS09-M04,CS09-M04-O03,core,fixed_condition;explanation;independent_transfer,CS09/CS09-core-practice-0.1.0/manifest.json#CS09-M04-O03-CODE/theory,CS09-M04-O03-CODE@0.1.0,postgres18-isolate-dev@0.1.0,fixed_condition:versioned_server_rule;explanation/independent_transfer:pending,CS09-core.json#CS09-M04-O03/base/repaired;CS09-core.json#CS09-M04-O03/changed-condition/repaired,CS09-core.json#CS09-M04-O03/base/initial,changed-condition,db-window,unavailable_no_professional_signoff,not_applicable_no_signoff,consult_versioned_reports;fixtures_are_not_execution_passes,full_depth;alternative_correct_solution;two_meaningful_errors;independent_transfer;open_review;Q4/Q5,partial_original_theory;not_Q1_complete,bounded_practice_ready;not_all_required_labs,fixed_condition_only;explanation_and_independence_pending
CS09-core-practice-0.1.0,CS09-M05,CS09-M05-O01,core,fixed_condition;explanation;independent_transfer,CS09/CS09-core-practice-0.1.0/manifest.json#CS09-M05-O01-CODE/theory,CS09-M05-O01-CODE@0.1.0,python313-isolate-dev@0.1.0,fixed_condition:versioned_server_rule;explanation/independent_transfer:pending,CS09-core.json#CS09-M05-O01/base/repaired;CS09-core.json#CS09-M05-O01/changed-condition/repaired,CS09-core.json#CS09-M05-O01/base/initial,changed-condition,db-normal,unavailable_no_professional_signoff,not_applicable_no_signoff,consult_versioned_reports;fixtures_are_not_execution_passes,full_depth;alternative_correct_solution;two_meaningful_errors;independent_transfer;open_review;Q4/Q5,partial_original_theory;not_Q1_complete,bounded_practice_ready;not_all_required_labs,fixed_condition_only;explanation_and_independence_pending
CS09-core-practice-0.1.0,CS09-M05,CS09-M05-O02,core,fixed_condition;explanation;independent_transfer,CS09/CS09-core-practice-0.1.0/manifest.json#CS09-M05-O02-CODE/theory,CS09-M05-O02-CODE@0.1.0,python313-isolate-dev@0.1.0,fixed_condition:versioned_server_rule;explanation/independent_transfer:pending,CS09-core.json#CS09-M05-O02/base/repaired;CS09-core.json#CS09-M05-O02/changed-condition/repaired,CS09-core.json#CS09-M05-O02/base/initial,changed-condition,db-normal,unavailable_no_professional_signoff,not_applicable_no_signoff,consult_versioned_reports;fixtures_are_not_execution_passes,full_depth;alternative_correct_solution;two_meaningful_errors;independent_transfer;open_review;Q4/Q5,partial_original_theory;not_Q1_complete,bounded_practice_ready;not_all_required_labs,fixed_condition_only;explanation_and_independence_pending
CS09-core-practice-0.1.0,CS09-M05,CS09-M05-O03,core,fixed_condition;explanation;independent_transfer,CS09/CS09-core-practice-0.1.0/manifest.json#CS09-M05-O03-CODE/theory,CS09-M05-O03-CODE@0.1.0,python313-isolate-dev@0.1.0,fixed_condition:versioned_server_rule;explanation/independent_transfer:pending,CS09-core.json#CS09-M05-O03/base/repaired;CS09-core.json#CS09-M05-O03/changed-condition/repaired,CS09-core.json#CS09-M05-O03/base/initial,changed-condition,db-normal,unavailable_no_professional_signoff,not_applicable_no_signoff,consult_versioned_reports;fixtures_are_not_execution_passes,full_depth;alternative_correct_solution;two_meaningful_errors;independent_transfer;open_review;Q4/Q5,partial_original_theory;not_Q1_complete,bounded_practice_ready;not_all_required_labs,fixed_condition_only;explanation_and_independence_pending
CS09-core-practice-0.1.0,CS09-M06,CS09-M06-O01,core,fixed_condition;explanation;independent_transfer,CS09/CS09-core-practice-0.1.0/manifest.json#CS09-M06-O01-CODE/theory,CS09-M06-O01-CODE@0.1.0,postgres18-isolate-dev@0.1.0,fixed_condition:versioned_server_rule;explanation/independent_transfer:pending,CS09-core.json#CS09-M06-O01/base/repaired;CS09-core.json#CS09-M06-O01/changed-condition/repaired,CS09-core.json#CS09-M06-O01/base/initial;CS09-core.json#CS09-M06-O01/changed-condition/initial,changed-condition,db-index,unavailable_no_professional_signoff,not_applicable_no_signoff,consult_versioned_reports;fixtures_are_not_execution_passes,full_depth;alternative_correct_solution;two_meaningful_errors;independent_transfer;open_review;Q4/Q5,partial_original_theory;not_Q1_complete,bounded_practice_ready;not_all_required_labs,fixed_condition_only;explanation_and_independence_pending
CS09-core-practice-0.1.0,CS09-M06,CS09-M06-O02,core,fixed_condition;explanation;independent_transfer,CS09/CS09-core-practice-0.1.0/manifest.json#CS09-M06-O02-CODE/theory,CS09-M06-O02-CODE@0.1.0,postgres18-isolate-dev@0.1.0,fixed_condition:versioned_server_rule;explanation/independent_transfer:pending,CS09-core.json#CS09-M06-O02/base/repaired;CS09-core.json#CS09-M06-O02/changed-condition/repaired,CS09-core.json#CS09-M06-O02/base/initial;CS09-core.json#CS09-M06-O02/changed-condition/initial,changed-condition,db-explain,unavailable_no_professional_signoff,not_applicable_no_signoff,consult_versioned_reports;fixtures_are_not_execution_passes,full_depth;alternative_correct_solution;two_meaningful_errors;independent_transfer;open_review;Q4/Q5,partial_original_theory;not_Q1_complete,bounded_practice_ready;not_all_required_labs,fixed_condition_only;explanation_and_independence_pending
CS09-core-practice-0.1.0,CS09-M06,CS09-M06-O03,core,fixed_condition;explanation;independent_transfer,CS09/CS09-core-practice-0.1.0/manifest.json#CS09-M06-O03-CODE/theory,CS09-M06-O03-CODE@0.1.0,python313-isolate-dev@0.1.0,fixed_condition:versioned_server_rule;explanation/independent_transfer:pending,CS09-core.json#CS09-M06-O03/base/repaired;CS09-core.json#CS09-M06-O03/changed-condition/repaired,CS09-core.json#CS09-M06-O03/base/initial,changed-condition,db-explain,unavailable_no_professional_signoff,not_applicable_no_signoff,consult_versioned_reports;fixtures_are_not_execution_passes,full_depth;alternative_correct_solution;two_meaningful_errors;independent_transfer;open_review;Q4/Q5,partial_original_theory;not_Q1_complete,bounded_practice_ready;not_all_required_labs,fixed_condition_only;explanation_and_independence_pending
CS09-core-practice-0.1.0,CS09-M07,CS09-M07-O01,core,fixed_condition;explanation;independent_transfer,CS09/CS09-core-practice-0.1.0/manifest.json#CS09-M07-O01-CODE/theory,CS09-M07-O01-CODE@0.1.0,postgres18-isolate-dev@0.1.0,fixed_condition:versioned_server_rule;explanation/independent_transfer:pending,CS09-core.json#CS09-M07-O01/base/repaired;CS09-core.json#CS09-M07-O01/changed-condition/repaired,CS09-core.json#CS09-M07-O01/base/initial;CS09-core.json#CS09-M07-O01/changed-condition/initial,changed-condition,db-isolation,unavailable_no_professional_signoff,not_applicable_no_signoff,consult_versioned_reports;fixtures_are_not_execution_passes,full_depth;alternative_correct_solution;two_meaningful_errors;independent_transfer;open_review;Q4/Q5,partial_original_theory;not_Q1_complete,bounded_practice_ready;not_all_required_labs,fixed_condition_only;explanation_and_independence_pending
CS09-core-practice-0.1.0,CS09-M07,CS09-M07-O02,core,fixed_condition;explanation;independent_transfer,CS09/CS09-core-practice-0.1.0/manifest.json#CS09-M07-O02-CODE/theory,CS09-M07-O02-CODE@0.1.0,python313-isolate-dev@0.1.0,fixed_condition:versioned_server_rule;explanation/independent_transfer:pending,CS09-core.json#CS09-M07-O02/base/repaired;CS09-core.json#CS09-M07-O02/changed-condition/repaired,CS09-core.json#CS09-M07-O02/base/initial,changed-condition,db-isolation,unavailable_no_professional_signoff,not_applicable_no_signoff,consult_versioned_reports;fixtures_are_not_execution_passes,full_depth;alternative_correct_solution;two_meaningful_errors;independent_transfer;open_review;Q4/Q5,partial_original_theory;not_Q1_complete,bounded_practice_ready;not_all_required_labs,fixed_condition_only;explanation_and_independence_pending
CS09-core-practice-0.1.0,CS09-M07,CS09-M07-O03,core,fixed_condition;explanation;independent_transfer,CS09/CS09-core-practice-0.1.0/manifest.json#CS09-M07-O03-CODE/theory,CS09-M07-O03-CODE@0.1.0,postgres18-isolate-dev@0.1.0,fixed_condition:versioned_server_rule;explanation/independent_transfer:pending,CS09-core.json#CS09-M07-O03/base/repaired;CS09-core.json#CS09-M07-O03/changed-condition/repaired,CS09-core.json#CS09-M07-O03/base/initial,changed-condition,db-constraints,unavailable_no_professional_signoff,not_applicable_no_signoff,consult_versioned_reports;fixtures_are_not_execution_passes,full_depth;alternative_correct_solution;two_meaningful_errors;independent_transfer;open_review;Q4/Q5,partial_original_theory;not_Q1_complete,bounded_practice_ready;not_all_required_labs,fixed_condition_only;explanation_and_independence_pending
CS09-core-practice-0.1.0,CS09-M08,CS09-M08-O01,core,fixed_condition;explanation;independent_transfer,CS09/CS09-core-practice-0.1.0/manifest.json#CS09-M08-O01-CODE/theory,CS09-M08-O01-CODE@0.1.0,python313-isolate-dev@0.1.0,fixed_condition:versioned_server_rule;explanation/independent_transfer:pending,CS09-core.json#CS09-M08-O01/base/repaired;CS09-core.json#CS09-M08-O01/changed-condition/repaired,CS09-core.json#CS09-M08-O01/base/initial,changed-condition,db-wal,unavailable_no_professional_signoff,not_applicable_no_signoff,consult_versioned_reports;fixtures_are_not_execution_passes,full_depth;alternative_correct_solution;two_meaningful_errors;independent_transfer;open_review;Q4/Q5,partial_original_theory;not_Q1_complete,bounded_practice_ready;not_all_required_labs,fixed_condition_only;explanation_and_independence_pending
CS09-core-practice-0.1.0,CS09-M08,CS09-M08-O02,core,fixed_condition;explanation;independent_transfer,CS09/CS09-core-practice-0.1.0/manifest.json#CS09-M08-O02-CODE/theory,CS09-M08-O02-CODE@0.1.0,python313-isolate-dev@0.1.0,fixed_condition:versioned_server_rule;explanation/independent_transfer:pending,CS09-core.json#CS09-M08-O02/base/repaired;CS09-core.json#CS09-M08-O02/changed-condition/repaired,CS09-core.json#CS09-M08-O02/base/initial,changed-condition,db-wal,unavailable_no_professional_signoff,not_applicable_no_signoff,consult_versioned_reports;fixtures_are_not_execution_passes,full_depth;alternative_correct_solution;two_meaningful_errors;independent_transfer;open_review;Q4/Q5,partial_original_theory;not_Q1_complete,bounded_practice_ready;not_all_required_labs,fixed_condition_only;explanation_and_independence_pending
CS09-core-practice-0.1.0,CS09-M08,CS09-M08-O03,core,fixed_condition;explanation;independent_transfer,CS09/CS09-core-practice-0.1.0/manifest.json#CS09-M08-O03-CODE/theory,CS09-M08-O03-CODE@0.1.0,postgres18-isolate-dev@0.1.0,fixed_condition:versioned_server_rule;explanation/independent_transfer:pending,CS09-core.json#CS09-M08-O03/base/repaired;CS09-core.json#CS09-M08-O03/changed-condition/repaired,CS09-core.json#CS09-M08-O03/base/initial;CS09-core.json#CS09-M08-O03/changed-condition/initial,changed-condition,db-isolation,unavailable_no_professional_signoff,not_applicable_no_signoff,consult_versioned_reports;fixtures_are_not_execution_passes,full_depth;alternative_correct_solution;two_meaningful_errors;independent_transfer;open_review;Q4/Q5,partial_original_theory;not_Q1_complete,bounded_practice_ready;not_all_required_labs,fixed_condition_only;explanation_and_independence_pending
CS09-core-practice-0.1.0,CS09-M09,CS09-M09-O01,core,fixed_condition;explanation;independent_transfer,CS09/CS09-core-practice-0.1.0/manifest.json#CS09-M09-O01-CODE/theory,CS09-M09-O01-CODE@0.1.0,postgres18-isolate-dev@0.1.0,fixed_condition:versioned_server_rule;explanation/independent_transfer:pending,CS09-core.json#CS09-M09-O01/base/repaired;CS09-core.json#CS09-M09-O01/changed-condition/repaired,CS09-core.json#CS09-M09-O01/base/initial;CS09-core.json#CS09-M09-O01/changed-condition/initial,changed-condition,db-constraints,unavailable_no_professional_signoff,not_applicable_no_signoff,consult_versioned_reports;fixtures_are_not_execution_passes,full_depth;alternative_correct_solution;two_meaningful_errors;independent_transfer;open_review;Q4/Q5,partial_original_theory;not_Q1_complete,bounded_practice_ready;not_all_required_labs,fixed_condition_only;explanation_and_independence_pending
CS09-core-practice-0.1.0,CS09-M09,CS09-M09-O02,core,fixed_condition;explanation;independent_transfer,CS09/CS09-core-practice-0.1.0/manifest.json#CS09-M09-O02-CODE/theory,CS09-M09-O02-CODE@0.1.0,postgres18-isolate-dev@0.1.0,fixed_condition:versioned_server_rule;explanation/independent_transfer:pending,CS09-core.json#CS09-M09-O02/base/repaired;CS09-core.json#CS09-M09-O02/changed-condition/repaired,CS09-core.json#CS09-M09-O02/base/initial,changed-condition,db-bind,unavailable_no_professional_signoff,not_applicable_no_signoff,consult_versioned_reports;fixtures_are_not_execution_passes,full_depth;alternative_correct_solution;two_meaningful_errors;independent_transfer;open_review;Q4/Q5,partial_original_theory;not_Q1_complete,bounded_practice_ready;not_all_required_labs,fixed_condition_only;explanation_and_independence_pending
CS09-core-practice-0.1.0,CS09-M09,CS09-M09-O03,core,fixed_condition;explanation;independent_transfer,CS09/CS09-core-practice-0.1.0/manifest.json#CS09-M09-O03-CODE/theory,CS09-M09-O03-CODE@0.1.0,postgres18-isolate-dev@0.1.0,fixed_condition:versioned_server_rule;explanation/independent_transfer:pending,CS09-core.json#CS09-M09-O03/base/repaired;CS09-core.json#CS09-M09-O03/changed-condition/repaired,CS09-core.json#CS09-M09-O03/base/initial,changed-condition,db-view,unavailable_no_professional_signoff,not_applicable_no_signoff,consult_versioned_reports;fixtures_are_not_execution_passes,full_depth;alternative_correct_solution;two_meaningful_errors;independent_transfer;open_review;Q4/Q5,partial_original_theory;not_Q1_complete,bounded_practice_ready;not_all_required_labs,fixed_condition_only;explanation_and_independence_pending
CS09-core-practice-0.1.0,CS09-M10,CS09-M10-O01,core,fixed_condition;explanation;independent_transfer,CS09/CS09-core-practice-0.1.0/manifest.json#CS09-M10-O01-CODE/theory,CS09-M10-O01-CODE@0.1.0,postgres18-isolate-dev@0.1.0,fixed_condition:versioned_server_rule;explanation/independent_transfer:pending,CS09-core.json#CS09-M10-O01/base/repaired;CS09-core.json#CS09-M10-O01/changed-condition/repaired,CS09-core.json#CS09-M10-O01/base/initial;CS09-core.json#CS09-M10-O01/changed-condition/initial,changed-condition,db-alter,unavailable_no_professional_signoff,not_applicable_no_signoff,consult_versioned_reports;fixtures_are_not_execution_passes,full_depth;alternative_correct_solution;two_meaningful_errors;independent_transfer;open_review;Q4/Q5,partial_original_theory;not_Q1_complete,bounded_practice_ready;not_all_required_labs,fixed_condition_only;explanation_and_independence_pending
CS09-core-practice-0.1.0,CS09-M10,CS09-M10-O02,core,fixed_condition;explanation;independent_transfer,CS09/CS09-core-practice-0.1.0/manifest.json#CS09-M10-O02-CODE/theory,CS09-M10-O02-CODE@0.1.0,python313-isolate-dev@0.1.0,fixed_condition:versioned_server_rule;explanation/independent_transfer:pending,CS09-core.json#CS09-M10-O02/base/repaired;CS09-core.json#CS09-M10-O02/changed-condition/repaired,CS09-core.json#CS09-M10-O02/base/initial,changed-condition,db-wal,unavailable_no_professional_signoff,not_applicable_no_signoff,consult_versioned_reports;fixtures_are_not_execution_passes,full_depth;alternative_correct_solution;two_meaningful_errors;independent_transfer;open_review;Q4/Q5,partial_original_theory;not_Q1_complete,bounded_practice_ready;not_all_required_labs,fixed_condition_only;explanation_and_independence_pending
CS09-core-practice-0.1.0,CS09-M10,CS09-M10-O03,core,fixed_condition;explanation;independent_transfer,CS09/CS09-core-practice-0.1.0/manifest.json#CS09-M10-O03-CODE/theory,CS09-M10-O03-CODE@0.1.0,postgres18-isolate-dev@0.1.0,fixed_condition:versioned_server_rule;explanation/independent_transfer:pending,CS09-core.json#CS09-M10-O03/base/repaired;CS09-core.json#CS09-M10-O03/changed-condition/repaired,CS09-core.json#CS09-M10-O03/base/initial;CS09-core.json#CS09-M10-O03/changed-condition/initial,changed-condition,db-isolation,unavailable_no_professional_signoff,not_applicable_no_signoff,consult_versioned_reports;fixtures_are_not_execution_passes,full_depth;alternative_correct_solution;two_meaningful_errors;independent_transfer;open_review;Q4/Q5,partial_original_theory;not_Q1_complete,bounded_practice_ready;not_all_required_labs,fixed_condition_only;explanation_and_independence_pending
CS10-core-practice-0.2.0,CS10-M01,CS10-M01-O01,core,fixed_condition;explanation;independent_transfer,CS10/CS10-core-practice-0.2.0/manifest.json#CS10-M01-O01-CODE/theory,CS10-M01-O01-CODE@0.1.0,python313-isolate-dev@0.1.0,fixed_condition:versioned_server_rule;explanation/independent_transfer:pending,CS10-core.json#CS10-M01-O01/base/repaired;CS10-core.json#CS10-M01-O01/changed-condition/repaired;CS10-project.json#CS10-M01-O01/base/repaired;CS10-project.json#CS10-M01-O01/changed-condition/repaired,CS10-core.json#CS10-M01-O01/base/initial;CS10-project.json#CS10-M01-O01/base/initial,changed-condition,se-spec,unavailable_no_professional_signoff,not_applicable_no_signoff,consult_versioned_reports;fixtures_are_not_execution_passes,full_depth;alternative_correct_solution;two_meaningful_errors;independent_transfer;open_review;Q4/Q5,partial_original_theory;not_Q1_complete,bounded_practice_ready;not_all_required_labs,fixed_condition_only;explanation_and_independence_pending
CS10-core-practice-0.2.0,CS10-M01,CS10-M01-O02,core,fixed_condition;explanation;independent_transfer,CS10/CS10-core-practice-0.2.0/manifest.json#CS10-M01-O02-CODE/theory,CS10-M01-O02-CODE@0.1.0,python313-isolate-dev@0.1.0,fixed_condition:versioned_server_rule;explanation/independent_transfer:pending,CS10-core.json#CS10-M01-O02/base/repaired;CS10-core.json#CS10-M01-O02/changed-condition/repaired;CS10-project.json#CS10-M01-O02/base/repaired;CS10-project.json#CS10-M01-O02/changed-condition/repaired,CS10-core.json#CS10-M01-O02/base/initial;CS10-project.json#CS10-M01-O02/base/initial,changed-condition,se-design,unavailable_no_professional_signoff,not_applicable_no_signoff,consult_versioned_reports;fixtures_are_not_execution_passes,full_depth;alternative_correct_solution;two_meaningful_errors;independent_transfer;open_review;Q4/Q5,partial_original_theory;not_Q1_complete,bounded_practice_ready;not_all_required_labs,fixed_condition_only;explanation_and_independence_pending
CS10-core-practice-0.2.0,CS10-M01,CS10-M01-O03,core,fixed_condition;explanation;independent_transfer,CS10/CS10-core-practice-0.2.0/manifest.json#CS10-M01-O03-CODE/theory,CS10-M01-O03-CODE@0.1.0,python313-isolate-dev@0.1.0,fixed_condition:versioned_server_rule;explanation/independent_transfer:pending,CS10-core.json#CS10-M01-O03/base/repaired;CS10-core.json#CS10-M01-O03/changed-condition/repaired;CS10-project.json#CS10-M01-O03/base/repaired;CS10-project.json#CS10-M01-O03/changed-condition/repaired,CS10-core.json#CS10-M01-O03/base/initial;CS10-project.json#CS10-M01-O03/base/initial,changed-condition,se-design,unavailable_no_professional_signoff,not_applicable_no_signoff,consult_versioned_reports;fixtures_are_not_execution_passes,full_depth;alternative_correct_solution;two_meaningful_errors;independent_transfer;open_review;Q4/Q5,partial_original_theory;not_Q1_complete,bounded_practice_ready;not_all_required_labs,fixed_condition_only;explanation_and_independence_pending
CS10-core-practice-0.2.0,CS10-M02,CS10-M02-O01,core,fixed_condition;explanation;independent_transfer,CS10/CS10-core-practice-0.2.0/manifest.json#CS10-M02-O01-CODE/theory,CS10-M02-O01-CODE@0.1.0,python313-isolate-dev@0.1.0,fixed_condition:versioned_server_rule;explanation/independent_transfer:pending,CS10-core.json#CS10-M02-O01/base/repaired;CS10-core.json#CS10-M02-O01/changed-condition/repaired;CS10-project.json#CS10-M02-O01/base/repaired;CS10-project.json#CS10-M02-O01/changed-condition/repaired,CS10-core.json#CS10-M02-O01/base/initial;CS10-project.json#CS10-M02-O01/base/initial,changed-condition,se-spec,unavailable_no_professional_signoff,not_applicable_no_signoff,consult_versioned_reports;fixtures_are_not_execution_passes,full_depth;alternative_correct_solution;two_meaningful_errors;independent_transfer;open_review;Q4/Q5,partial_original_theory;not_Q1_complete,bounded_practice_ready;not_all_required_labs,fixed_condition_only;explanation_and_independence_pending
CS10-core-practice-0.2.0,CS10-M02,CS10-M02-O02,core,fixed_condition;explanation;independent_transfer,CS10/CS10-core-practice-0.2.0/manifest.json#CS10-M02-O02-CODE/theory,CS10-M02-O02-CODE@0.1.0,python313-isolate-dev@0.1.0,fixed_condition:versioned_server_rule;explanation/independent_transfer:pending,CS10-core.json#CS10-M02-O02/base/repaired;CS10-core.json#CS10-M02-O02/changed-condition/repaired;CS10-project.json#CS10-M02-O02/base/repaired;CS10-project.json#CS10-M02-O02/changed-condition/repaired,CS10-core.json#CS10-M02-O02/base/initial;CS10-project.json#CS10-M02-O02/base/initial,changed-condition,se-test,unavailable_no_professional_signoff,not_applicable_no_signoff,consult_versioned_reports;fixtures_are_not_execution_passes,full_depth;alternative_correct_solution;two_meaningful_errors;independent_transfer;open_review;Q4/Q5,partial_original_theory;not_Q1_complete,bounded_practice_ready;not_all_required_labs,fixed_condition_only;explanation_and_independence_pending
CS10-core-practice-0.2.0,CS10-M02,CS10-M02-O03,core,fixed_condition;explanation;independent_transfer,CS10/CS10-core-practice-0.2.0/manifest.json#CS10-M02-O03-CODE/theory,CS10-M02-O03-CODE@0.1.0,python313-isolate-dev@0.1.0,fixed_condition:versioned_server_rule;explanation/independent_transfer:pending,CS10-core.json#CS10-M02-O03/base/repaired;CS10-core.json#CS10-M02-O03/changed-condition/repaired;CS10-project.json#CS10-M02-O03/base/repaired;CS10-project.json#CS10-M02-O03/changed-condition/repaired,CS10-core.json#CS10-M02-O03/base/initial;CS10-project.json#CS10-M02-O03/base/initial,changed-condition,se-design,unavailable_no_professional_signoff,not_applicable_no_signoff,consult_versioned_reports;fixtures_are_not_execution_passes,full_depth;alternative_correct_solution;two_meaningful_errors;independent_transfer;open_review;Q4/Q5,partial_original_theory;not_Q1_complete,bounded_practice_ready;not_all_required_labs,fixed_condition_only;explanation_and_independence_pending
CS10-core-practice-0.2.0,CS10-M03,CS10-M03-O01,core,fixed_condition;explanation;independent_transfer,CS10/CS10-core-practice-0.2.0/manifest.json#CS10-M03-O01-CODE/theory,CS10-M03-O01-CODE@0.1.0,python313-isolate-dev@0.1.0,fixed_condition:versioned_server_rule;explanation/independent_transfer:pending,CS10-core.json#CS10-M03-O01/base/repaired;CS10-core.json#CS10-M03-O01/changed-condition/repaired;CS10-project.json#CS10-M03-O01/base/repaired;CS10-project.json#CS10-M03-O01/changed-condition/repaired,CS10-core.json#CS10-M03-O01/base/initial;CS10-project.json#CS10-M03-O01/base/initial,changed-condition,se-spec,unavailable_no_professional_signoff,not_applicable_no_signoff,consult_versioned_reports;fixtures_are_not_execution_passes,full_depth;alternative_correct_solution;two_meaningful_errors;independent_transfer;open_review;Q4/Q5,partial_original_theory;not_Q1_complete,bounded_practice_ready;not_all_required_labs,fixed_condition_only;explanation_and_independence_pending
CS10-core-practice-0.2.0,CS10-M03,CS10-M03-O02,core,fixed_condition;explanation;independent_transfer,CS10/CS10-core-practice-0.2.0/manifest.json#CS10-M03-O02-CODE/theory,CS10-M03-O02-CODE@0.1.0,python313-isolate-dev@0.1.0,fixed_condition:versioned_server_rule;explanation/independent_transfer:pending,CS10-core.json#CS10-M03-O02/base/repaired;CS10-core.json#CS10-M03-O02/changed-condition/repaired;CS10-project.json#CS10-M03-O02/base/repaired;CS10-project.json#CS10-M03-O02/changed-condition/repaired,CS10-core.json#CS10-M03-O02/base/initial;CS10-project.json#CS10-M03-O02/base/initial,changed-condition,se-design,unavailable_no_professional_signoff,not_applicable_no_signoff,consult_versioned_reports;fixtures_are_not_execution_passes,full_depth;alternative_correct_solution;two_meaningful_errors;independent_transfer;open_review;Q4/Q5,partial_original_theory;not_Q1_complete,bounded_practice_ready;not_all_required_labs,fixed_condition_only;explanation_and_independence_pending
CS10-core-practice-0.2.0,CS10-M03,CS10-M03-O03,core,fixed_condition;explanation;independent_transfer,CS10/CS10-core-practice-0.2.0/manifest.json#CS10-M03-O03-CODE/theory,CS10-M03-O03-CODE@0.1.0,python313-isolate-dev@0.1.0,fixed_condition:versioned_server_rule;explanation/independent_transfer:pending,CS10-core.json#CS10-M03-O03/base/repaired;CS10-core.json#CS10-M03-O03/changed-condition/repaired;CS10-project.json#CS10-M03-O03/base/repaired;CS10-project.json#CS10-M03-O03/changed-condition/repaired,CS10-core.json#CS10-M03-O03/base/initial;CS10-project.json#CS10-M03-O03/base/initial,changed-condition,se-test,unavailable_no_professional_signoff,not_applicable_no_signoff,consult_versioned_reports;fixtures_are_not_execution_passes,full_depth;alternative_correct_solution;two_meaningful_errors;independent_transfer;open_review;Q4/Q5,partial_original_theory;not_Q1_complete,bounded_practice_ready;not_all_required_labs,fixed_condition_only;explanation_and_independence_pending
CS10-core-practice-0.2.0,CS10-M04,CS10-M04-O01,core,fixed_condition;explanation;independent_transfer,CS10/CS10-core-practice-0.2.0/manifest.json#CS10-M04-O01-CODE/theory,CS10-M04-O01-CODE@0.1.0,python313-isolate-dev@0.1.0,fixed_condition:versioned_server_rule;explanation/independent_transfer:pending,CS10-core.json#CS10-M04-O01/base/repaired;CS10-core.json#CS10-M04-O01/changed-condition/repaired;CS10-project.json#CS10-M04-O01/base/repaired;CS10-project.json#CS10-M04-O01/changed-condition/repaired,CS10-core.json#CS10-M04-O01/base/initial;CS10-core.json#CS10-M04-O01/changed-condition/initial;CS10-project.json#CS10-M04-O01/base/initial;CS10-project.json#CS10-M04-O01/changed-condition/initial,changed-condition,se-spec,unavailable_no_professional_signoff,not_applicable_no_signoff,consult_versioned_reports;fixtures_are_not_execution_passes,full_depth;alternative_correct_solution;two_meaningful_errors;independent_transfer;open_review;Q4/Q5,partial_original_theory;not_Q1_complete,bounded_practice_ready;not_all_required_labs,fixed_condition_only;explanation_and_independence_pending
CS10-core-practice-0.2.0,CS10-M04,CS10-M04-O02,core,fixed_condition;explanation;independent_transfer,CS10/CS10-core-practice-0.2.0/manifest.json#CS10-M04-O02-CODE/theory,CS10-M04-O02-CODE@0.1.0,python313-isolate-dev@0.1.0,fixed_condition:versioned_server_rule;explanation/independent_transfer:pending,CS10-core.json#CS10-M04-O02/base/repaired;CS10-core.json#CS10-M04-O02/changed-condition/repaired;CS10-project.json#CS10-M04-O02/base/repaired;CS10-project.json#CS10-M04-O02/changed-condition/repaired,CS10-core.json#CS10-M04-O02/base/initial;CS10-project.json#CS10-M04-O02/base/initial,changed-condition,se-design,unavailable_no_professional_signoff,not_applicable_no_signoff,consult_versioned_reports;fixtures_are_not_execution_passes,full_depth;alternative_correct_solution;two_meaningful_errors;independent_transfer;open_review;Q4/Q5,partial_original_theory;not_Q1_complete,bounded_practice_ready;not_all_required_labs,fixed_condition_only;explanation_and_independence_pending
CS10-core-practice-0.2.0,CS10-M04,CS10-M04-O03,core,fixed_condition;explanation;independent_transfer,CS10/CS10-core-practice-0.2.0/manifest.json#CS10-M04-O03-CODE/theory,CS10-M04-O03-CODE@0.1.0,python313-isolate-dev@0.1.0,fixed_condition:versioned_server_rule;explanation/independent_transfer:pending,CS10-core.json#CS10-M04-O03/base/repaired;CS10-core.json#CS10-M04-O03/changed-condition/repaired;CS10-project.json#CS10-M04-O03/base/repaired;CS10-project.json#CS10-M04-O03/changed-condition/repaired,CS10-core.json#CS10-M04-O03/base/initial;CS10-project.json#CS10-M04-O03/base/initial,changed-condition,se-design,unavailable_no_professional_signoff,not_applicable_no_signoff,consult_versioned_reports;fixtures_are_not_execution_passes,full_depth;alternative_correct_solution;two_meaningful_errors;independent_transfer;open_review;Q4/Q5,partial_original_theory;not_Q1_complete,bounded_practice_ready;not_all_required_labs,fixed_condition_only;explanation_and_independence_pending
CS10-core-practice-0.2.0,CS10-M05,CS10-M05-O01,core,fixed_condition;explanation;independent_transfer,CS10/CS10-core-practice-0.2.0/manifest.json#CS10-M05-O01-CODE/theory,CS10-M05-O01-CODE@0.1.0,python313-isolate-dev@0.1.0,fixed_condition:versioned_server_rule;explanation/independent_transfer:pending,CS10-core.json#CS10-M05-O01/base/repaired;CS10-core.json#CS10-M05-O01/changed-condition/repaired;CS10-project.json#CS10-M05-O01/base/repaired;CS10-project.json#CS10-M05-O01/changed-condition/repaired,CS10-core.json#CS10-M05-O01/base/initial;CS10-project.json#CS10-M05-O01/base/initial,changed-condition,se-http,unavailable_no_professional_signoff,not_applicable_no_signoff,consult_versioned_reports;fixtures_are_not_execution_passes,full_depth;alternative_correct_solution;two_meaningful_errors;independent_transfer;open_review;Q4/Q5,partial_original_theory;not_Q1_complete,bounded_practice_ready;not_all_required_labs,fixed_condition_only;explanation_and_independence_pending
CS10-core-practice-0.2.0,CS10-M05,CS10-M05-O02,core,fixed_condition;explanation;independent_transfer,CS10/CS10-core-practice-0.2.0/manifest.json#CS10-M05-O02-CODE/theory,CS10-M05-O02-CODE@0.1.0,python313-isolate-dev@0.1.0,fixed_condition:versioned_server_rule;explanation/independent_transfer:pending,CS10-core.json#CS10-M05-O02/base/repaired;CS10-core.json#CS10-M05-O02/changed-condition/repaired;CS10-project.json#CS10-M05-O02/base/repaired;CS10-project.json#CS10-M05-O02/changed-condition/repaired,CS10-core.json#CS10-M05-O02/base/initial;CS10-core.json#CS10-M05-O02/changed-condition/initial;CS10-project.json#CS10-M05-O02/base/initial;CS10-project.json#CS10-M05-O02/changed-condition/initial,changed-condition,se-http,unavailable_no_professional_signoff,not_applicable_no_signoff,consult_versioned_reports;fixtures_are_not_execution_passes,full_depth;alternative_correct_solution;two_meaningful_errors;independent_transfer;open_review;Q4/Q5,partial_original_theory;not_Q1_complete,bounded_practice_ready;not_all_required_labs,fixed_condition_only;explanation_and_independence_pending
CS10-core-practice-0.2.0,CS10-M05,CS10-M05-O03,core,fixed_condition;explanation;independent_transfer,CS10/CS10-core-practice-0.2.0/manifest.json#CS10-M05-O03-CODE/theory,CS10-M05-O03-CODE@0.1.0,python313-isolate-dev@0.1.0,fixed_condition:versioned_server_rule;explanation/independent_transfer:pending,CS10-core.json#CS10-M05-O03/base/repaired;CS10-core.json#CS10-M05-O03/changed-condition/repaired;CS10-project.json#CS10-M05-O03/base/repaired;CS10-project.json#CS10-M05-O03/changed-condition/repaired,CS10-core.json#CS10-M05-O03/base/initial;CS10-project.json#CS10-M05-O03/base/initial,changed-condition,se-spec,unavailable_no_professional_signoff,not_applicable_no_signoff,consult_versioned_reports;fixtures_are_not_execution_passes,full_depth;alternative_correct_solution;two_meaningful_errors;independent_transfer;open_review;Q4/Q5,partial_original_theory;not_Q1_complete,bounded_practice_ready;not_all_required_labs,fixed_condition_only;explanation_and_independence_pending
CS10-core-practice-0.2.0,CS10-M06,CS10-M06-O01,core,fixed_condition;explanation;independent_transfer,CS10/CS10-core-practice-0.2.0/manifest.json#CS10-M06-O01-CODE/theory,CS10-M06-O01-CODE@0.1.0,python313-isolate-dev@0.1.0,fixed_condition:versioned_server_rule;explanation/independent_transfer:pending,CS10-core.json#CS10-M06-O01/base/repaired;CS10-core.json#CS10-M06-O01/changed-condition/repaired;CS10-project.json#CS10-M06-O01/base/repaired;CS10-project.json#CS10-M06-O01/changed-condition/repaired,CS10-core.json#CS10-M06-O01/base/initial;CS10-project.json#CS10-M06-O01/base/initial,changed-condition,se-unittest,unavailable_no_professional_signoff,not_applicable_no_signoff,consult_versioned_reports;fixtures_are_not_execution_passes,full_depth;alternative_correct_solution;two_meaningful_errors;independent_transfer;open_review;Q4/Q5,partial_original_theory;not_Q1_complete,bounded_practice_ready;not_all_required_labs,fixed_condition_only;explanation_and_independence_pending
CS10-core-practice-0.2.0,CS10-M06,CS10-M06-O02,core,fixed_condition;explanation;independent_transfer,CS10/CS10-core-practice-0.2.0/manifest.json#CS10-M06-O02-CODE/theory,CS10-M06-O02-CODE@0.1.0,python313-isolate-dev@0.1.0,fixed_condition:versioned_server_rule;explanation/independent_transfer:pending,CS10-core.json#CS10-M06-O02/base/repaired;CS10-core.json#CS10-M06-O02/changed-condition/repaired;CS10-project.json#CS10-M06-O02/base/repaired;CS10-project.json#CS10-M06-O02/changed-condition/repaired,CS10-core.json#CS10-M06-O02/base/initial;CS10-project.json#CS10-M06-O02/base/initial,changed-condition,se-test,unavailable_no_professional_signoff,not_applicable_no_signoff,consult_versioned_reports;fixtures_are_not_execution_passes,full_depth;alternative_correct_solution;two_meaningful_errors;independent_transfer;open_review;Q4/Q5,partial_original_theory;not_Q1_complete,bounded_practice_ready;not_all_required_labs,fixed_condition_only;explanation_and_independence_pending
CS10-core-practice-0.2.0,CS10-M06,CS10-M06-O03,core,fixed_condition;explanation;independent_transfer,CS10/CS10-core-practice-0.2.0/manifest.json#CS10-M06-O03-CODE/theory,CS10-M06-O03-CODE@0.1.0,python313-isolate-dev@0.1.0,fixed_condition:versioned_server_rule;explanation/independent_transfer:pending,CS10-core.json#CS10-M06-O03/base/repaired;CS10-core.json#CS10-M06-O03/changed-condition/repaired;CS10-project.json#CS10-M06-O03/base/repaired;CS10-project.json#CS10-M06-O03/changed-condition/repaired,CS10-core.json#CS10-M06-O03/base/initial;CS10-project.json#CS10-M06-O03/base/initial,changed-condition,se-test,unavailable_no_professional_signoff,not_applicable_no_signoff,consult_versioned_reports;fixtures_are_not_execution_passes,full_depth;alternative_correct_solution;two_meaningful_errors;independent_transfer;open_review;Q4/Q5,partial_original_theory;not_Q1_complete,bounded_practice_ready;not_all_required_labs,fixed_condition_only;explanation_and_independence_pending
CS10-core-practice-0.2.0,CS10-M07,CS10-M07-O01,core,fixed_condition;explanation;independent_transfer,CS10/CS10-core-practice-0.2.0/manifest.json#CS10-M07-O01-CODE/theory,CS10-M07-O01-CODE@0.1.0,python313-isolate-dev@0.1.0,fixed_condition:versioned_server_rule;explanation/independent_transfer:pending,CS10-core.json#CS10-M07-O01/base/repaired;CS10-core.json#CS10-M07-O01/changed-condition/repaired;CS10-project.json#CS10-M07-O01/base/repaired;CS10-project.json#CS10-M07-O01/changed-condition/repaired,CS10-core.json#CS10-M07-O01/base/initial;CS10-project.json#CS10-M07-O01/base/initial,changed-condition,se-git,unavailable_no_professional_signoff,not_applicable_no_signoff,consult_versioned_reports;fixtures_are_not_execution_passes,full_depth;alternative_correct_solution;two_meaningful_errors;independent_transfer;open_review;Q4/Q5,partial_original_theory;not_Q1_complete,bounded_practice_ready;not_all_required_labs,fixed_condition_only;explanation_and_independence_pending
CS10-core-practice-0.2.0,CS10-M07,CS10-M07-O02,core,fixed_condition;explanation;independent_transfer,CS10/CS10-core-practice-0.2.0/manifest.json#CS10-M07-O02-CODE/theory,CS10-M07-O02-CODE@0.1.0,python313-isolate-dev@0.1.0,fixed_condition:versioned_server_rule;explanation/independent_transfer:pending,CS10-core.json#CS10-M07-O02/base/repaired;CS10-core.json#CS10-M07-O02/changed-condition/repaired;CS10-project.json#CS10-M07-O02/base/repaired;CS10-project.json#CS10-M07-O02/changed-condition/repaired,CS10-core.json#CS10-M07-O02/base/initial;CS10-core.json#CS10-M07-O02/changed-condition/initial;CS10-project.json#CS10-M07-O02/base/initial;CS10-project.json#CS10-M07-O02/changed-condition/initial,changed-condition,se-git,unavailable_no_professional_signoff,not_applicable_no_signoff,consult_versioned_reports;fixtures_are_not_execution_passes,full_depth;alternative_correct_solution;two_meaningful_errors;independent_transfer;open_review;Q4/Q5,partial_original_theory;not_Q1_complete,bounded_practice_ready;not_all_required_labs,fixed_condition_only;explanation_and_independence_pending
CS10-core-practice-0.2.0,CS10-M07,CS10-M07-O03,core,fixed_condition;explanation;independent_transfer,CS10/CS10-core-practice-0.2.0/manifest.json#CS10-M07-O03-CODE/theory,CS10-M07-O03-CODE@0.1.0,python313-isolate-dev@0.1.0,fixed_condition:versioned_server_rule;explanation/independent_transfer:pending,CS10-core.json#CS10-M07-O03/base/repaired;CS10-core.json#CS10-M07-O03/changed-condition/repaired;CS10-project.json#CS10-M07-O03/base/repaired;CS10-project.json#CS10-M07-O03/changed-condition/repaired,CS10-core.json#CS10-M07-O03/base/initial;CS10-project.json#CS10-M07-O03/base/initial,changed-condition,se-release,unavailable_no_professional_signoff,not_applicable_no_signoff,consult_versioned_reports;fixtures_are_not_execution_passes,full_depth;alternative_correct_solution;two_meaningful_errors;independent_transfer;open_review;Q4/Q5,partial_original_theory;not_Q1_complete,bounded_practice_ready;not_all_required_labs,fixed_condition_only;explanation_and_independence_pending
CS10-core-practice-0.2.0,CS10-M08,CS10-M08-O01,core,fixed_condition;explanation;independent_transfer,CS10/CS10-core-practice-0.2.0/manifest.json#CS10-M08-O01-CODE/theory,CS10-M08-O01-CODE@0.1.0,python313-isolate-dev@0.1.0,fixed_condition:versioned_server_rule;explanation/independent_transfer:pending,CS10-core.json#CS10-M08-O01/base/repaired;CS10-core.json#CS10-M08-O01/changed-condition/repaired;CS10-project.json#CS10-M08-O01/base/repaired;CS10-project.json#CS10-M08-O01/changed-condition/repaired,CS10-core.json#CS10-M08-O01/base/initial;CS10-project.json#CS10-M08-O01/base/initial,changed-condition,se-release,unavailable_no_professional_signoff,not_applicable_no_signoff,consult_versioned_reports;fixtures_are_not_execution_passes,full_depth;alternative_correct_solution;two_meaningful_errors;independent_transfer;open_review;Q4/Q5,partial_original_theory;not_Q1_complete,bounded_practice_ready;not_all_required_labs,fixed_condition_only;explanation_and_independence_pending
CS10-core-practice-0.2.0,CS10-M08,CS10-M08-O02,core,fixed_condition;explanation;independent_transfer,CS10/CS10-core-practice-0.2.0/manifest.json#CS10-M08-O02-CODE/theory,CS10-M08-O02-CODE@0.1.0,python313-isolate-dev@0.1.0,fixed_condition:versioned_server_rule;explanation/independent_transfer:pending,CS10-core.json#CS10-M08-O02/base/repaired;CS10-core.json#CS10-M08-O02/changed-condition/repaired;CS10-project.json#CS10-M08-O02/base/repaired;CS10-project.json#CS10-M08-O02/changed-condition/repaired,CS10-core.json#CS10-M08-O02/base/initial;CS10-project.json#CS10-M08-O02/base/initial,changed-condition,se-monitor,unavailable_no_professional_signoff,not_applicable_no_signoff,consult_versioned_reports;fixtures_are_not_execution_passes,full_depth;alternative_correct_solution;two_meaningful_errors;independent_transfer;open_review;Q4/Q5,partial_original_theory;not_Q1_complete,bounded_practice_ready;not_all_required_labs,fixed_condition_only;explanation_and_independence_pending
CS10-core-practice-0.2.0,CS10-M08,CS10-M08-O03,core,fixed_condition;explanation;independent_transfer,CS10/CS10-core-practice-0.2.0/manifest.json#CS10-M08-O03-CODE/theory,CS10-M08-O03-CODE@0.1.0,python313-isolate-dev@0.1.0,fixed_condition:versioned_server_rule;explanation/independent_transfer:pending,CS10-core.json#CS10-M08-O03/base/repaired;CS10-core.json#CS10-M08-O03/changed-condition/repaired;CS10-project.json#CS10-M08-O03/base/repaired;CS10-project.json#CS10-M08-O03/changed-condition/repaired,CS10-core.json#CS10-M08-O03/base/initial;CS10-project.json#CS10-M08-O03/base/initial,changed-condition,se-http,unavailable_no_professional_signoff,not_applicable_no_signoff,consult_versioned_reports;fixtures_are_not_execution_passes,full_depth;alternative_correct_solution;two_meaningful_errors;independent_transfer;open_review;Q4/Q5,partial_original_theory;not_Q1_complete,bounded_practice_ready;not_all_required_labs,fixed_condition_only;explanation_and_independence_pending
CS10-core-practice-0.2.0,CS10-M09,CS10-M09-O01,core,fixed_condition;explanation;independent_transfer,CS10/CS10-core-practice-0.2.0/manifest.json#CS10-M09-O01-CODE/theory,CS10-M09-O01-CODE@0.1.0,python313-isolate-dev@0.1.0,fixed_condition:versioned_server_rule;explanation/independent_transfer:pending,CS10-core.json#CS10-M09-O01/base/repaired;CS10-core.json#CS10-M09-O01/changed-condition/repaired;CS10-project.json#CS10-M09-O01/base/repaired;CS10-project.json#CS10-M09-O01/changed-condition/repaired,CS10-core.json#CS10-M09-O01/base/initial;CS10-project.json#CS10-M09-O01/base/initial,changed-condition,se-design,unavailable_no_professional_signoff,not_applicable_no_signoff,consult_versioned_reports;fixtures_are_not_execution_passes,full_depth;alternative_correct_solution;two_meaningful_errors;independent_transfer;open_review;Q4/Q5,partial_original_theory;not_Q1_complete,bounded_practice_ready;not_all_required_labs,fixed_condition_only;explanation_and_independence_pending
CS10-core-practice-0.2.0,CS10-M09,CS10-M09-O02,core,fixed_condition;explanation;independent_transfer,CS10/CS10-core-practice-0.2.0/manifest.json#CS10-M09-O02-CODE/theory,CS10-M09-O02-CODE@0.1.0,python313-isolate-dev@0.1.0,fixed_condition:versioned_server_rule;explanation/independent_transfer:pending,CS10-core.json#CS10-M09-O02/base/repaired;CS10-core.json#CS10-M09-O02/changed-condition/repaired;CS10-project.json#CS10-M09-O02/base/repaired;CS10-project.json#CS10-M09-O02/changed-condition/repaired,CS10-core.json#CS10-M09-O02/base/initial;CS10-project.json#CS10-M09-O02/base/initial,changed-condition,se-test,unavailable_no_professional_signoff,not_applicable_no_signoff,consult_versioned_reports;fixtures_are_not_execution_passes,full_depth;alternative_correct_solution;two_meaningful_errors;independent_transfer;open_review;Q4/Q5,partial_original_theory;not_Q1_complete,bounded_practice_ready;not_all_required_labs,fixed_condition_only;explanation_and_independence_pending
CS10-core-practice-0.2.0,CS10-M09,CS10-M09-O03,core,fixed_condition;explanation;independent_transfer,CS10/CS10-core-practice-0.2.0/manifest.json#CS10-M09-O03-CODE/theory,CS10-M09-O03-CODE@0.2.0,python313-isolate-dev@0.1.0,fixed_condition:versioned_server_rule;explanation/independent_transfer:pending,CS10-core.json#CS10-M09-O03/base/repaired;CS10-core.json#CS10-M09-O03/changed-condition/repaired;CS10-project.json#CS10-M09-O03/base/repaired;CS10-project.json#CS10-M09-O03/changed-condition/repaired;CS10-project.json#service-owner/repaired;CS10-project.json#service-replay/repaired,CS10-core.json#CS10-M09-O03/base/initial;CS10-project.json#CS10-M09-O03/base/initial;CS10-project.json#service-owner/initial;CS10-project.json#service-replay/initial,changed-condition;service-owner;service-replay,se-authorization;se-http;se-sqlite;se-test,unavailable_no_professional_signoff,not_applicable_no_signoff,consult_versioned_reports;fixtures_are_not_execution_passes,full_depth;alternative_correct_solution;two_meaningful_errors;independent_transfer;open_review;Q4/Q5,partial_original_theory;not_Q1_complete,bounded_practice_ready;not_all_required_labs,fixed_condition_only;explanation_and_independence_pending
CS11-core-practice-0.2.0,CS11-M01,CS11-M01-O01,core,fixed_condition;explanation;independent_transfer,CS11/CS11-core-practice-0.2.0/manifest.json#CS11-M01-O01-CODE/theory,CS11-M01-O01-CODE@0.1.0,python313-isolate-dev@0.1.0,fixed_condition:versioned_server_rule;explanation/independent_transfer:pending,CS11-core.json#CS11-M01-O01/base/repaired;CS11-core.json#CS11-M01-O01/changed-condition/repaired;CS11-project.json#CS11-M01-O01/base/repaired;CS11-project.json#CS11-M01-O01/changed-condition/repaired,CS11-core.json#CS11-M01-O01/base/initial;CS11-core.json#CS11-M01-O01/changed-condition/initial;CS11-project.json#CS11-M01-O01/base/initial;CS11-project.json#CS11-M01-O01/changed-condition/initial,changed-condition,cc-semantic,unavailable_no_professional_signoff,not_applicable_no_signoff,consult_versioned_reports;fixtures_are_not_execution_passes,full_depth;alternative_correct_solution;two_meaningful_errors;independent_transfer;open_review;Q4/Q5,partial_original_theory;not_Q1_complete,bounded_practice_ready;not_all_required_labs,fixed_condition_only;explanation_and_independence_pending
CS11-core-practice-0.2.0,CS11-M01,CS11-M01-O02,core,fixed_condition;explanation;independent_transfer,CS11/CS11-core-practice-0.2.0/manifest.json#CS11-M01-O02-CODE/theory,CS11-M01-O02-CODE@0.1.0,python313-isolate-dev@0.1.0,fixed_condition:versioned_server_rule;explanation/independent_transfer:pending,CS11-core.json#CS11-M01-O02/base/repaired;CS11-core.json#CS11-M01-O02/changed-condition/repaired;CS11-project.json#CS11-M01-O02/base/repaired;CS11-project.json#CS11-M01-O02/changed-condition/repaired,CS11-core.json#CS11-M01-O02/base/initial;CS11-project.json#CS11-M01-O02/base/initial,changed-condition,cc-ast,unavailable_no_professional_signoff,not_applicable_no_signoff,consult_versioned_reports;fixtures_are_not_execution_passes,full_depth;alternative_correct_solution;two_meaningful_errors;independent_transfer;open_review;Q4/Q5,partial_original_theory;not_Q1_complete,bounded_practice_ready;not_all_required_labs,fixed_condition_only;explanation_and_independence_pending
CS11-core-practice-0.2.0,CS11-M01,CS11-M01-O03,core,fixed_condition;explanation;independent_transfer,CS11/CS11-core-practice-0.2.0/manifest.json#CS11-M01-O03-CODE/theory,CS11-M01-O03-CODE@0.1.0,python313-isolate-dev@0.1.0,fixed_condition:versioned_server_rule;explanation/independent_transfer:pending,CS11-core.json#CS11-M01-O03/base/repaired;CS11-core.json#CS11-M01-O03/changed-condition/repaired;CS11-project.json#CS11-M01-O03/base/repaired;CS11-project.json#CS11-M01-O03/changed-condition/repaired,CS11-core.json#CS11-M01-O03/base/initial;CS11-project.json#CS11-M01-O03/base/initial,changed-condition,cc-lexer,unavailable_no_professional_signoff,not_applicable_no_signoff,consult_versioned_reports;fixtures_are_not_execution_passes,full_depth;alternative_correct_solution;two_meaningful_errors;independent_transfer;open_review;Q4/Q5,partial_original_theory;not_Q1_complete,bounded_practice_ready;not_all_required_labs,fixed_condition_only;explanation_and_independence_pending
CS11-core-practice-0.2.0,CS11-M02,CS11-M02-O01,core,fixed_condition;explanation;independent_transfer,CS11/CS11-core-practice-0.2.0/manifest.json#CS11-M02-O01-CODE/theory,CS11-M02-O01-CODE@0.1.0,python313-isolate-dev@0.1.0,fixed_condition:versioned_server_rule;explanation/independent_transfer:pending,CS11-core.json#CS11-M02-O01/base/repaired;CS11-core.json#CS11-M02-O01/changed-condition/repaired;CS11-project.json#CS11-M02-O01/base/repaired;CS11-project.json#CS11-M02-O01/changed-condition/repaired,CS11-core.json#CS11-M02-O01/base/initial;CS11-project.json#CS11-M02-O01/base/initial,changed-condition,cc-lexer,unavailable_no_professional_signoff,not_applicable_no_signoff,consult_versioned_reports;fixtures_are_not_execution_passes,full_depth;alternative_correct_solution;two_meaningful_errors;independent_transfer;open_review;Q4/Q5,partial_original_theory;not_Q1_complete,bounded_practice_ready;not_all_required_labs,fixed_condition_only;explanation_and_independence_pending
CS11-core-practice-0.2.0,CS11-M02,CS11-M02-O02,core,fixed_condition;explanation;independent_transfer,CS11/CS11-core-practice-0.2.0/manifest.json#CS11-M02-O02-CODE/theory,CS11-M02-O02-CODE@0.1.0,python313-isolate-dev@0.1.0,fixed_condition:versioned_server_rule;explanation/independent_transfer:pending,CS11-core.json#CS11-M02-O02/base/repaired;CS11-core.json#CS11-M02-O02/changed-condition/repaired;CS11-project.json#CS11-M02-O02/base/repaired;CS11-project.json#CS11-M02-O02/changed-condition/repaired,CS11-core.json#CS11-M02-O02/base/initial;CS11-project.json#CS11-M02-O02/base/initial,changed-condition,cc-lexer,unavailable_no_professional_signoff,not_applicable_no_signoff,consult_versioned_reports;fixtures_are_not_execution_passes,full_depth;alternative_correct_solution;two_meaningful_errors;independent_transfer;open_review;Q4/Q5,partial_original_theory;not_Q1_complete,bounded_practice_ready;not_all_required_labs,fixed_condition_only;explanation_and_independence_pending
CS11-core-practice-0.2.0,CS11-M02,CS11-M02-O03,core,fixed_condition;explanation;independent_transfer,CS11/CS11-core-practice-0.2.0/manifest.json#CS11-M02-O03-CODE/theory,CS11-M02-O03-CODE@0.1.0,python313-isolate-dev@0.1.0,fixed_condition:versioned_server_rule;explanation/independent_transfer:pending,CS11-core.json#CS11-M02-O03/base/repaired;CS11-core.json#CS11-M02-O03/changed-condition/repaired;CS11-project.json#CS11-M02-O03/base/repaired;CS11-project.json#CS11-M02-O03/changed-condition/repaired,CS11-core.json#CS11-M02-O03/base/initial;CS11-project.json#CS11-M02-O03/base/initial,changed-condition,cc-lexer,unavailable_no_professional_signoff,not_applicable_no_signoff,consult_versioned_reports;fixtures_are_not_execution_passes,full_depth;alternative_correct_solution;two_meaningful_errors;independent_transfer;open_review;Q4/Q5,partial_original_theory;not_Q1_complete,bounded_practice_ready;not_all_required_labs,fixed_condition_only;explanation_and_independence_pending
CS11-core-practice-0.2.0,CS11-M03,CS11-M03-O01,core,fixed_condition;explanation;independent_transfer,CS11/CS11-core-practice-0.2.0/manifest.json#CS11-M03-O01-CODE/theory,CS11-M03-O01-CODE@0.1.0,python313-isolate-dev@0.1.0,fixed_condition:versioned_server_rule;explanation/independent_transfer:pending,CS11-core.json#CS11-M03-O01/base/repaired;CS11-core.json#CS11-M03-O01/changed-condition/repaired;CS11-project.json#CS11-M03-O01/base/repaired;CS11-project.json#CS11-M03-O01/changed-condition/repaired,CS11-core.json#CS11-M03-O01/base/initial;CS11-project.json#CS11-M03-O01/base/initial,changed-condition,cc-parser,unavailable_no_professional_signoff,not_applicable_no_signoff,consult_versioned_reports;fixtures_are_not_execution_passes,full_depth;alternative_correct_solution;two_meaningful_errors;independent_transfer;open_review;Q4/Q5,partial_original_theory;not_Q1_complete,bounded_practice_ready;not_all_required_labs,fixed_condition_only;explanation_and_independence_pending
CS11-core-practice-0.2.0,CS11-M03,CS11-M03-O02,core,fixed_condition;explanation;independent_transfer,CS11/CS11-core-practice-0.2.0/manifest.json#CS11-M03-O02-CODE/theory,CS11-M03-O02-CODE@0.1.0,python313-isolate-dev@0.1.0,fixed_condition:versioned_server_rule;explanation/independent_transfer:pending,CS11-core.json#CS11-M03-O02/base/repaired;CS11-core.json#CS11-M03-O02/changed-condition/repaired;CS11-project.json#CS11-M03-O02/base/repaired;CS11-project.json#CS11-M03-O02/changed-condition/repaired,CS11-core.json#CS11-M03-O02/base/initial;CS11-core.json#CS11-M03-O02/changed-condition/initial;CS11-project.json#CS11-M03-O02/base/initial;CS11-project.json#CS11-M03-O02/changed-condition/initial,changed-condition,cc-ast,unavailable_no_professional_signoff,not_applicable_no_signoff,consult_versioned_reports;fixtures_are_not_execution_passes,full_depth;alternative_correct_solution;two_meaningful_errors;independent_transfer;open_review;Q4/Q5,partial_original_theory;not_Q1_complete,bounded_practice_ready;not_all_required_labs,fixed_condition_only;explanation_and_independence_pending
CS11-core-practice-0.2.0,CS11-M03,CS11-M03-O03,core,fixed_condition;explanation;independent_transfer,CS11/CS11-core-practice-0.2.0/manifest.json#CS11-M03-O03-CODE/theory,CS11-M03-O03-CODE@0.1.0,python313-isolate-dev@0.1.0,fixed_condition:versioned_server_rule;explanation/independent_transfer:pending,CS11-core.json#CS11-M03-O03/base/repaired;CS11-core.json#CS11-M03-O03/changed-condition/repaired;CS11-project.json#CS11-M03-O03/base/repaired;CS11-project.json#CS11-M03-O03/changed-condition/repaired,CS11-core.json#CS11-M03-O03/base/initial;CS11-project.json#CS11-M03-O03/base/initial,changed-condition,cc-ast,unavailable_no_professional_signoff,not_applicable_no_signoff,consult_versioned_reports;fixtures_are_not_execution_passes,full_depth;alternative_correct_solution;two_meaningful_errors;independent_transfer;open_review;Q4/Q5,partial_original_theory;not_Q1_complete,bounded_practice_ready;not_all_required_labs,fixed_condition_only;explanation_and_independence_pending
CS11-core-practice-0.2.0,CS11-M04,CS11-M04-O01,core,fixed_condition;explanation;independent_transfer,CS11/CS11-core-practice-0.2.0/manifest.json#CS11-M04-O01-CODE/theory,CS11-M04-O01-CODE@0.1.0,python313-isolate-dev@0.1.0,fixed_condition:versioned_server_rule;explanation/independent_transfer:pending,CS11-core.json#CS11-M04-O01/base/repaired;CS11-core.json#CS11-M04-O01/changed-condition/repaired;CS11-project.json#CS11-M04-O01/base/repaired;CS11-project.json#CS11-M04-O01/changed-condition/repaired,CS11-core.json#CS11-M04-O01/base/initial;CS11-project.json#CS11-M04-O01/base/initial,changed-condition,cc-parser,unavailable_no_professional_signoff,not_applicable_no_signoff,consult_versioned_reports;fixtures_are_not_execution_passes,full_depth;alternative_correct_solution;two_meaningful_errors;independent_transfer;open_review;Q4/Q5,partial_original_theory;not_Q1_complete,bounded_practice_ready;not_all_required_labs,fixed_condition_only;explanation_and_independence_pending
CS11-core-practice-0.2.0,CS11-M04,CS11-M04-O02,core,fixed_condition;explanation;independent_transfer,CS11/CS11-core-practice-0.2.0/manifest.json#CS11-M04-O02-CODE/theory,CS11-M04-O02-CODE@0.1.0,python313-isolate-dev@0.1.0,fixed_condition:versioned_server_rule;explanation/independent_transfer:pending,CS11-core.json#CS11-M04-O02/base/repaired;CS11-core.json#CS11-M04-O02/changed-condition/repaired;CS11-project.json#CS11-M04-O02/base/repaired;CS11-project.json#CS11-M04-O02/changed-condition/repaired,CS11-core.json#CS11-M04-O02/base/initial;CS11-project.json#CS11-M04-O02/base/initial,changed-condition,cc-parser,unavailable_no_professional_signoff,not_applicable_no_signoff,consult_versioned_reports;fixtures_are_not_execution_passes,full_depth;alternative_correct_solution;two_meaningful_errors;independent_transfer;open_review;Q4/Q5,partial_original_theory;not_Q1_complete,bounded_practice_ready;not_all_required_labs,fixed_condition_only;explanation_and_independence_pending
CS11-core-practice-0.2.0,CS11-M04,CS11-M04-O03,core,fixed_condition;explanation;independent_transfer,CS11/CS11-core-practice-0.2.0/manifest.json#CS11-M04-O03-CODE/theory,CS11-M04-O03-CODE@0.1.0,python313-isolate-dev@0.1.0,fixed_condition:versioned_server_rule;explanation/independent_transfer:pending,CS11-core.json#CS11-M04-O03/base/repaired;CS11-core.json#CS11-M04-O03/changed-condition/repaired;CS11-project.json#CS11-M04-O03/base/repaired;CS11-project.json#CS11-M04-O03/changed-condition/repaired,CS11-core.json#CS11-M04-O03/base/initial;CS11-project.json#CS11-M04-O03/base/initial,changed-condition,cc-parser,unavailable_no_professional_signoff,not_applicable_no_signoff,consult_versioned_reports;fixtures_are_not_execution_passes,full_depth;alternative_correct_solution;two_meaningful_errors;independent_transfer;open_review;Q4/Q5,partial_original_theory;not_Q1_complete,bounded_practice_ready;not_all_required_labs,fixed_condition_only;explanation_and_independence_pending
CS11-core-practice-0.2.0,CS11-M05,CS11-M05-O01,core,fixed_condition;explanation;independent_transfer,CS11/CS11-core-practice-0.2.0/manifest.json#CS11-M05-O01-CODE/theory,CS11-M05-O01-CODE@0.1.0,python313-isolate-dev@0.1.0,fixed_condition:versioned_server_rule;explanation/independent_transfer:pending,CS11-core.json#CS11-M05-O01/base/repaired;CS11-core.json#CS11-M05-O01/changed-condition/repaired;CS11-project.json#CS11-M05-O01/base/repaired;CS11-project.json#CS11-M05-O01/changed-condition/repaired,CS11-core.json#CS11-M05-O01/base/initial;CS11-core.json#CS11-M05-O01/changed-condition/initial;CS11-project.json#CS11-M05-O01/base/initial;CS11-project.json#CS11-M05-O01/changed-condition/initial,changed-condition,cc-lr,unavailable_no_professional_signoff,not_applicable_no_signoff,consult_versioned_reports;fixtures_are_not_execution_passes,full_depth;alternative_correct_solution;two_meaningful_errors;independent_transfer;open_review;Q4/Q5,partial_original_theory;not_Q1_complete,bounded_practice_ready;not_all_required_labs,fixed_condition_only;explanation_and_independence_pending
CS11-core-practice-0.2.0,CS11-M05,CS11-M05-O02,core,fixed_condition;explanation;independent_transfer,CS11/CS11-core-practice-0.2.0/manifest.json#CS11-M05-O02-CODE/theory,CS11-M05-O02-CODE@0.1.0,python313-isolate-dev@0.1.0,fixed_condition:versioned_server_rule;explanation/independent_transfer:pending,CS11-core.json#CS11-M05-O02/base/repaired;CS11-core.json#CS11-M05-O02/changed-condition/repaired;CS11-project.json#CS11-M05-O02/base/repaired;CS11-project.json#CS11-M05-O02/changed-condition/repaired,CS11-core.json#CS11-M05-O02/base/initial;CS11-project.json#CS11-M05-O02/base/initial,changed-condition,cc-lr,unavailable_no_professional_signoff,not_applicable_no_signoff,consult_versioned_reports;fixtures_are_not_execution_passes,full_depth;alternative_correct_solution;two_meaningful_errors;independent_transfer;open_review;Q4/Q5,partial_original_theory;not_Q1_complete,bounded_practice_ready;not_all_required_labs,fixed_condition_only;explanation_and_independence_pending
CS11-core-practice-0.2.0,CS11-M05,CS11-M05-O03,core,fixed_condition;explanation;independent_transfer,CS11/CS11-core-practice-0.2.0/manifest.json#CS11-M05-O03-CODE/theory,CS11-M05-O03-CODE@0.1.0,python313-isolate-dev@0.1.0,fixed_condition:versioned_server_rule;explanation/independent_transfer:pending,CS11-core.json#CS11-M05-O03/base/repaired;CS11-core.json#CS11-M05-O03/changed-condition/repaired;CS11-project.json#CS11-M05-O03/base/repaired;CS11-project.json#CS11-M05-O03/changed-condition/repaired,CS11-core.json#CS11-M05-O03/base/initial;CS11-project.json#CS11-M05-O03/base/initial,changed-condition,cc-lr,unavailable_no_professional_signoff,not_applicable_no_signoff,consult_versioned_reports;fixtures_are_not_execution_passes,full_depth;alternative_correct_solution;two_meaningful_errors;independent_transfer;open_review;Q4/Q5,partial_original_theory;not_Q1_complete,bounded_practice_ready;not_all_required_labs,fixed_condition_only;explanation_and_independence_pending
CS11-core-practice-0.2.0,CS11-M06,CS11-M06-O01,core,fixed_condition;explanation;independent_transfer,CS11/CS11-core-practice-0.2.0/manifest.json#CS11-M06-O01-CODE/theory,CS11-M06-O01-CODE@0.1.0,python313-isolate-dev@0.1.0,fixed_condition:versioned_server_rule;explanation/independent_transfer:pending,CS11-core.json#CS11-M06-O01/base/repaired;CS11-core.json#CS11-M06-O01/changed-condition/repaired;CS11-project.json#CS11-M06-O01/base/repaired;CS11-project.json#CS11-M06-O01/changed-condition/repaired,CS11-core.json#CS11-M06-O01/base/initial;CS11-project.json#CS11-M06-O01/base/initial,changed-condition,cc-semantic,unavailable_no_professional_signoff,not_applicable_no_signoff,consult_versioned_reports;fixtures_are_not_execution_passes,full_depth;alternative_correct_solution;two_meaningful_errors;independent_transfer;open_review;Q4/Q5,partial_original_theory;not_Q1_complete,bounded_practice_ready;not_all_required_labs,fixed_condition_only;explanation_and_independence_pending
CS11-core-practice-0.2.0,CS11-M06,CS11-M06-O02,core,fixed_condition;explanation;independent_transfer,CS11/CS11-core-practice-0.2.0/manifest.json#CS11-M06-O02-CODE/theory,CS11-M06-O02-CODE@0.1.0,python313-isolate-dev@0.1.0,fixed_condition:versioned_server_rule;explanation/independent_transfer:pending,CS11-core.json#CS11-M06-O02/base/repaired;CS11-core.json#CS11-M06-O02/changed-condition/repaired;CS11-project.json#CS11-M06-O02/base/repaired;CS11-project.json#CS11-M06-O02/changed-condition/repaired,CS11-core.json#CS11-M06-O02/base/initial;CS11-project.json#CS11-M06-O02/base/initial,changed-condition,cc-semantic,unavailable_no_professional_signoff,not_applicable_no_signoff,consult_versioned_reports;fixtures_are_not_execution_passes,full_depth;alternative_correct_solution;two_meaningful_errors;independent_transfer;open_review;Q4/Q5,partial_original_theory;not_Q1_complete,bounded_practice_ready;not_all_required_labs,fixed_condition_only;explanation_and_independence_pending
CS11-core-practice-0.2.0,CS11-M06,CS11-M06-O03,core,fixed_condition;explanation;independent_transfer,CS11/CS11-core-practice-0.2.0/manifest.json#CS11-M06-O03-CODE/theory,CS11-M06-O03-CODE@0.1.0,python313-isolate-dev@0.1.0,fixed_condition:versioned_server_rule;explanation/independent_transfer:pending,CS11-core.json#CS11-M06-O03/base/repaired;CS11-core.json#CS11-M06-O03/changed-condition/repaired;CS11-project.json#CS11-M06-O03/base/repaired;CS11-project.json#CS11-M06-O03/changed-condition/repaired,CS11-core.json#CS11-M06-O03/base/initial;CS11-project.json#CS11-M06-O03/base/initial,changed-condition,cc-semantic,unavailable_no_professional_signoff,not_applicable_no_signoff,consult_versioned_reports;fixtures_are_not_execution_passes,full_depth;alternative_correct_solution;two_meaningful_errors;independent_transfer;open_review;Q4/Q5,partial_original_theory;not_Q1_complete,bounded_practice_ready;not_all_required_labs,fixed_condition_only;explanation_and_independence_pending
CS11-core-practice-0.2.0,CS11-M07,CS11-M07-O01,core,fixed_condition;explanation;independent_transfer,CS11/CS11-core-practice-0.2.0/manifest.json#CS11-M07-O01-CODE/theory,CS11-M07-O01-CODE@0.1.0,python313-isolate-dev@0.1.0,fixed_condition:versioned_server_rule;explanation/independent_transfer:pending,CS11-core.json#CS11-M07-O01/base/repaired;CS11-core.json#CS11-M07-O01/changed-condition/repaired;CS11-project.json#CS11-M07-O01/base/repaired;CS11-project.json#CS11-M07-O01/changed-condition/repaired,CS11-core.json#CS11-M07-O01/base/initial;CS11-project.json#CS11-M07-O01/base/initial,changed-condition,cc-ir,unavailable_no_professional_signoff,not_applicable_no_signoff,consult_versioned_reports;fixtures_are_not_execution_passes,full_depth;alternative_correct_solution;two_meaningful_errors;independent_transfer;open_review;Q4/Q5,partial_original_theory;not_Q1_complete,bounded_practice_ready;not_all_required_labs,fixed_condition_only;explanation_and_independence_pending
CS11-core-practice-0.2.0,CS11-M07,CS11-M07-O02,core,fixed_condition;explanation;independent_transfer,CS11/CS11-core-practice-0.2.0/manifest.json#CS11-M07-O02-CODE/theory,CS11-M07-O02-CODE@0.1.0,python313-isolate-dev@0.1.0,fixed_condition:versioned_server_rule;explanation/independent_transfer:pending,CS11-core.json#CS11-M07-O02/base/repaired;CS11-core.json#CS11-M07-O02/changed-condition/repaired;CS11-project.json#CS11-M07-O02/base/repaired;CS11-project.json#CS11-M07-O02/changed-condition/repaired,CS11-core.json#CS11-M07-O02/base/initial;CS11-project.json#CS11-M07-O02/base/initial,changed-condition,cc-ir,unavailable_no_professional_signoff,not_applicable_no_signoff,consult_versioned_reports;fixtures_are_not_execution_passes,full_depth;alternative_correct_solution;two_meaningful_errors;independent_transfer;open_review;Q4/Q5,partial_original_theory;not_Q1_complete,bounded_practice_ready;not_all_required_labs,fixed_condition_only;explanation_and_independence_pending
CS11-core-practice-0.2.0,CS11-M07,CS11-M07-O03,core,fixed_condition;explanation;independent_transfer,CS11/CS11-core-practice-0.2.0/manifest.json#CS11-M07-O03-CODE/theory,CS11-M07-O03-CODE@0.1.0,python313-isolate-dev@0.1.0,fixed_condition:versioned_server_rule;explanation/independent_transfer:pending,CS11-core.json#CS11-M07-O03/base/repaired;CS11-core.json#CS11-M07-O03/changed-condition/repaired;CS11-project.json#CS11-M07-O03/base/repaired;CS11-project.json#CS11-M07-O03/changed-condition/repaired,CS11-core.json#CS11-M07-O03/base/initial;CS11-project.json#CS11-M07-O03/base/initial,changed-condition,cc-ast,unavailable_no_professional_signoff,not_applicable_no_signoff,consult_versioned_reports;fixtures_are_not_execution_passes,full_depth;alternative_correct_solution;two_meaningful_errors;independent_transfer;open_review;Q4/Q5,partial_original_theory;not_Q1_complete,bounded_practice_ready;not_all_required_labs,fixed_condition_only;explanation_and_independence_pending
CS11-core-practice-0.2.0,CS11-M08,CS11-M08-O01,core,fixed_condition;explanation;independent_transfer,CS11/CS11-core-practice-0.2.0/manifest.json#CS11-M08-O01-CODE/theory,CS11-M08-O01-CODE@0.1.0,python313-isolate-dev@0.1.0,fixed_condition:versioned_server_rule;explanation/independent_transfer:pending,CS11-core.json#CS11-M08-O01/base/repaired;CS11-core.json#CS11-M08-O01/changed-condition/repaired;CS11-project.json#CS11-M08-O01/base/repaired;CS11-project.json#CS11-M08-O01/changed-condition/repaired,CS11-core.json#CS11-M08-O01/base/initial;CS11-project.json#CS11-M08-O01/base/initial,changed-condition,cc-ir,unavailable_no_professional_signoff,not_applicable_no_signoff,consult_versioned_reports;fixtures_are_not_execution_passes,full_depth;alternative_correct_solution;two_meaningful_errors;independent_transfer;open_review;Q4/Q5,partial_original_theory;not_Q1_complete,bounded_practice_ready;not_all_required_labs,fixed_condition_only;explanation_and_independence_pending
CS11-core-practice-0.2.0,CS11-M08,CS11-M08-O02,core,fixed_condition;explanation;independent_transfer,CS11/CS11-core-practice-0.2.0/manifest.json#CS11-M08-O02-CODE/theory,CS11-M08-O02-CODE@0.1.0,python313-isolate-dev@0.1.0,fixed_condition:versioned_server_rule;explanation/independent_transfer:pending,CS11-core.json#CS11-M08-O02/base/repaired;CS11-core.json#CS11-M08-O02/changed-condition/repaired;CS11-project.json#CS11-M08-O02/base/repaired;CS11-project.json#CS11-M08-O02/changed-condition/repaired,CS11-core.json#CS11-M08-O02/base/initial;CS11-project.json#CS11-M08-O02/base/initial,changed-condition,cc-dataflow,unavailable_no_professional_signoff,not_applicable_no_signoff,consult_versioned_reports;fixtures_are_not_execution_passes,full_depth;alternative_correct_solution;two_meaningful_errors;independent_transfer;open_review;Q4/Q5,partial_original_theory;not_Q1_complete,bounded_practice_ready;not_all_required_labs,fixed_condition_only;explanation_and_independence_pending
CS11-core-practice-0.2.0,CS11-M08,CS11-M08-O03,core,fixed_condition;explanation;independent_transfer,CS11/CS11-core-practice-0.2.0/manifest.json#CS11-M08-O03-CODE/theory,CS11-M08-O03-CODE@0.1.0,python313-isolate-dev@0.1.0,fixed_condition:versioned_server_rule;explanation/independent_transfer:pending,CS11-core.json#CS11-M08-O03/base/repaired;CS11-core.json#CS11-M08-O03/changed-condition/repaired;CS11-project.json#CS11-M08-O03/base/repaired;CS11-project.json#CS11-M08-O03/changed-condition/repaired,CS11-core.json#CS11-M08-O03/base/initial;CS11-project.json#CS11-M08-O03/base/initial,changed-condition,cc-ast,unavailable_no_professional_signoff,not_applicable_no_signoff,consult_versioned_reports;fixtures_are_not_execution_passes,full_depth;alternative_correct_solution;two_meaningful_errors;independent_transfer;open_review;Q4/Q5,partial_original_theory;not_Q1_complete,bounded_practice_ready;not_all_required_labs,fixed_condition_only;explanation_and_independence_pending
CS11-core-practice-0.2.0,CS11-M09,CS11-M09-O01,core,fixed_condition;explanation;independent_transfer,CS11/CS11-core-practice-0.2.0/manifest.json#CS11-M09-O01-CODE/theory,CS11-M09-O01-CODE@0.1.0,python313-isolate-dev@0.1.0,fixed_condition:versioned_server_rule;explanation/independent_transfer:pending,CS11-core.json#CS11-M09-O01/base/repaired;CS11-core.json#CS11-M09-O01/changed-condition/repaired;CS11-project.json#CS11-M09-O01/base/repaired;CS11-project.json#CS11-M09-O01/changed-condition/repaired,CS11-core.json#CS11-M09-O01/base/initial;CS11-project.json#CS11-M09-O01/base/initial,changed-condition,cc-ir,unavailable_no_professional_signoff,not_applicable_no_signoff,consult_versioned_reports;fixtures_are_not_execution_passes,full_depth;alternative_correct_solution;two_meaningful_errors;independent_transfer;open_review;Q4/Q5,partial_original_theory;not_Q1_complete,bounded_practice_ready;not_all_required_labs,fixed_condition_only;explanation_and_independence_pending
CS11-core-practice-0.2.0,CS11-M09,CS11-M09-O02,core,fixed_condition;explanation;independent_transfer,CS11/CS11-core-practice-0.2.0/manifest.json#CS11-M09-O02-CODE/theory,CS11-M09-O02-CODE@0.1.0,python313-isolate-dev@0.1.0,fixed_condition:versioned_server_rule;explanation/independent_transfer:pending,CS11-core.json#CS11-M09-O02/base/repaired;CS11-core.json#CS11-M09-O02/changed-condition/repaired;CS11-project.json#CS11-M09-O02/base/repaired;CS11-project.json#CS11-M09-O02/changed-condition/repaired,CS11-core.json#CS11-M09-O02/base/initial;CS11-project.json#CS11-M09-O02/base/initial,changed-condition,cc-ir,unavailable_no_professional_signoff,not_applicable_no_signoff,consult_versioned_reports;fixtures_are_not_execution_passes,full_depth;alternative_correct_solution;two_meaningful_errors;independent_transfer;open_review;Q4/Q5,partial_original_theory;not_Q1_complete,bounded_practice_ready;not_all_required_labs,fixed_condition_only;explanation_and_independence_pending
CS11-core-practice-0.2.0,CS11-M09,CS11-M09-O03,core,fixed_condition;explanation;independent_transfer,CS11/CS11-core-practice-0.2.0/manifest.json#CS11-M09-O03-CODE/theory,CS11-M09-O03-CODE@0.2.0,python313-isolate-dev@0.1.0,fixed_condition:versioned_server_rule;explanation/independent_transfer:pending,CS11-core.json#CS11-M09-O03/base/repaired;CS11-core.json#CS11-M09-O03/changed-condition/repaired;CS11-project.json#CS11-M09-O03/base/repaired;CS11-project.json#CS11-M09-O03/changed-condition/repaired;CS11-project.json#compiler-expression/repaired;CS11-project.json#compiler-loop/repaired;CS11-project.json#compiler-scope/repaired;CS11-project.json#compiler-shortcircuit/repaired,CS11-core.json#CS11-M09-O03/base/initial;CS11-core.json#CS11-M09-O03/changed-condition/initial;CS11-project.json#CS11-M09-O03/base/initial;CS11-project.json#CS11-M09-O03/changed-condition/initial;CS11-project.json#compiler-expression/initial;CS11-project.json#compiler-loop/initial,changed-condition;compiler-expression;compiler-loop;compiler-scope;compiler-shortcircuit,cc-ast;cc-control;cc-mutable,unavailable_no_professional_signoff,not_applicable_no_signoff,consult_versioned_reports;fixtures_are_not_execution_passes,full_depth;alternative_correct_solution;two_meaningful_errors;independent_transfer;open_review;Q4/Q5,partial_original_theory;not_Q1_complete,bounded_practice_ready;not_all_required_labs,fixed_condition_only;explanation_and_independence_pending
CS12-core-practice-0.2.0,CS12-M01,CS12-M01-O01,core,fixed_condition;explanation;independent_transfer,CS12/CS12-core-practice-0.2.0/manifest.json#CS12-M01-O01-CODE/theory,CS12-M01-O01-CODE@0.1.0,python313-isolate-dev@0.1.0,fixed_condition:versioned_server_rule;explanation/independent_transfer:pending,CS12-core.json#CS12-M01-O01/base/repaired;CS12-core.json#CS12-M01-O01/changed-condition/repaired;CS12-project.json#CS12-M01-O01/base/repaired;CS12-project.json#CS12-M01-O01/changed-condition/repaired,CS12-core.json#CS12-M01-O01/base/initial;CS12-project.json#CS12-M01-O01/base/initial,changed-condition,ai-search,unavailable_no_professional_signoff,not_applicable_no_signoff,consult_versioned_reports;fixtures_are_not_execution_passes,full_depth;alternative_correct_solution;two_meaningful_errors;independent_transfer;open_review;Q4/Q5,partial_original_theory;not_Q1_complete,bounded_practice_ready;not_all_required_labs,fixed_condition_only;explanation_and_independence_pending
CS12-core-practice-0.2.0,CS12-M01,CS12-M01-O02,core,fixed_condition;explanation;independent_transfer,CS12/CS12-core-practice-0.2.0/manifest.json#CS12-M01-O02-CODE/theory,CS12-M01-O02-CODE@0.1.0,python313-isolate-dev@0.1.0,fixed_condition:versioned_server_rule;explanation/independent_transfer:pending,CS12-core.json#CS12-M01-O02/base/repaired;CS12-core.json#CS12-M01-O02/changed-condition/repaired;CS12-project.json#CS12-M01-O02/base/repaired;CS12-project.json#CS12-M01-O02/changed-condition/repaired,CS12-core.json#CS12-M01-O02/base/initial;CS12-project.json#CS12-M01-O02/base/initial,changed-condition,ai-search,unavailable_no_professional_signoff,not_applicable_no_signoff,consult_versioned_reports;fixtures_are_not_execution_passes,full_depth;alternative_correct_solution;two_meaningful_errors;independent_transfer;open_review;Q4/Q5,partial_original_theory;not_Q1_complete,bounded_practice_ready;not_all_required_labs,fixed_condition_only;explanation_and_independence_pending
CS12-core-practice-0.2.0,CS12-M01,CS12-M01-O03,core,fixed_condition;explanation;independent_transfer,CS12/CS12-core-practice-0.2.0/manifest.json#CS12-M01-O03-CODE/theory,CS12-M01-O03-CODE@0.1.0,python313-isolate-dev@0.1.0,fixed_condition:versioned_server_rule;explanation/independent_transfer:pending,CS12-core.json#CS12-M01-O03/base/repaired;CS12-core.json#CS12-M01-O03/changed-condition/repaired;CS12-project.json#CS12-M01-O03/base/repaired;CS12-project.json#CS12-M01-O03/changed-condition/repaired,CS12-core.json#CS12-M01-O03/base/initial;CS12-project.json#CS12-M01-O03/base/initial,changed-condition,ai-search,unavailable_no_professional_signoff,not_applicable_no_signoff,consult_versioned_reports;fixtures_are_not_execution_passes,full_depth;alternative_correct_solution;two_meaningful_errors;independent_transfer;open_review;Q4/Q5,partial_original_theory;not_Q1_complete,bounded_practice_ready;not_all_required_labs,fixed_condition_only;explanation_and_independence_pending
CS12-core-practice-0.2.0,CS12-M02,CS12-M02-O01,core,fixed_condition;explanation;independent_transfer,CS12/CS12-core-practice-0.2.0/manifest.json#CS12-M02-O01-CODE/theory,CS12-M02-O01-CODE@0.1.0,python313-isolate-dev@0.1.0,fixed_condition:versioned_server_rule;explanation/independent_transfer:pending,CS12-core.json#CS12-M02-O01/base/repaired;CS12-core.json#CS12-M02-O01/changed-condition/repaired;CS12-project.json#CS12-M02-O01/base/repaired;CS12-project.json#CS12-M02-O01/changed-condition/repaired,CS12-core.json#CS12-M02-O01/base/initial;CS12-project.json#CS12-M02-O01/base/initial,changed-condition,ai-pruning,unavailable_no_professional_signoff,not_applicable_no_signoff,consult_versioned_reports;fixtures_are_not_execution_passes,full_depth;alternative_correct_solution;two_meaningful_errors;independent_transfer;open_review;Q4/Q5,partial_original_theory;not_Q1_complete,bounded_practice_ready;not_all_required_labs,fixed_condition_only;explanation_and_independence_pending
CS12-core-practice-0.2.0,CS12-M02,CS12-M02-O02,core,fixed_condition;explanation;independent_transfer,CS12/CS12-core-practice-0.2.0/manifest.json#CS12-M02-O02-CODE/theory,CS12-M02-O02-CODE@0.2.0,python313-isolate-dev@0.1.0,fixed_condition:versioned_server_rule;explanation/independent_transfer:pending,CS12-core.json#CS12-M02-O02/base/repaired;CS12-core.json#CS12-M02-O02/changed-condition/repaired;CS12-project.json#CS12-M02-O02/base/repaired;CS12-project.json#CS12-M02-O02/changed-condition/repaired;CS12-project.json#route-unreachable/repaired;CS12-project.json#route-wall/repaired;CS12-project.json#route-weighted/repaired,CS12-core.json#CS12-M02-O02/base/initial;CS12-project.json#CS12-M02-O02/base/initial;CS12-project.json#route-unreachable/initial;CS12-project.json#route-wall/initial;CS12-project.json#route-weighted/initial,changed-condition;route-weighted;route-wall;route-unreachable,ai-pruning;ai-search,unavailable_no_professional_signoff,not_applicable_no_signoff,consult_versioned_reports;fixtures_are_not_execution_passes,full_depth;alternative_correct_solution;two_meaningful_errors;independent_transfer;open_review;Q4/Q5,partial_original_theory;not_Q1_complete,bounded_practice_ready;not_all_required_labs,fixed_condition_only;explanation_and_independence_pending
CS12-core-practice-0.2.0,CS12-M02,CS12-M02-O03,core,fixed_condition;explanation;independent_transfer,CS12/CS12-core-practice-0.2.0/manifest.json#CS12-M02-O03-CODE/theory,CS12-M02-O03-CODE@0.1.0,python313-isolate-dev@0.1.0,fixed_condition:versioned_server_rule;explanation/independent_transfer:pending,CS12-core.json#CS12-M02-O03/base/repaired;CS12-core.json#CS12-M02-O03/changed-condition/repaired;CS12-project.json#CS12-M02-O03/base/repaired;CS12-project.json#CS12-M02-O03/changed-condition/repaired,CS12-core.json#CS12-M02-O03/base/initial;CS12-project.json#CS12-M02-O03/base/initial,changed-condition,ai-search,unavailable_no_professional_signoff,not_applicable_no_signoff,consult_versioned_reports;fixtures_are_not_execution_passes,full_depth;alternative_correct_solution;two_meaningful_errors;independent_transfer;open_review;Q4/Q5,partial_original_theory;not_Q1_complete,bounded_practice_ready;not_all_required_labs,fixed_condition_only;explanation_and_independence_pending
CS12-core-practice-0.2.0,CS12-M03,CS12-M03-O01,core,fixed_condition;explanation;independent_transfer,CS12/CS12-core-practice-0.2.0/manifest.json#CS12-M03-O01-CODE/theory,CS12-M03-O01-CODE@0.1.0,python313-isolate-dev@0.1.0,fixed_condition:versioned_server_rule;explanation/independent_transfer:pending,CS12-core.json#CS12-M03-O01/base/repaired;CS12-core.json#CS12-M03-O01/changed-condition/repaired;CS12-project.json#CS12-M03-O01/base/repaired;CS12-project.json#CS12-M03-O01/changed-condition/repaired,CS12-core.json#CS12-M03-O01/base/initial;CS12-project.json#CS12-M03-O01/base/initial,changed-condition,ai-search,unavailable_no_professional_signoff,not_applicable_no_signoff,consult_versioned_reports;fixtures_are_not_execution_passes,full_depth;alternative_correct_solution;two_meaningful_errors;independent_transfer;open_review;Q4/Q5,partial_original_theory;not_Q1_complete,bounded_practice_ready;not_all_required_labs,fixed_condition_only;explanation_and_independence_pending
CS12-core-practice-0.2.0,CS12-M03,CS12-M03-O02,core,fixed_condition;explanation;independent_transfer,CS12/CS12-core-practice-0.2.0/manifest.json#CS12-M03-O02-CODE/theory,CS12-M03-O02-CODE@0.1.0,python313-isolate-dev@0.1.0,fixed_condition:versioned_server_rule;explanation/independent_transfer:pending,CS12-core.json#CS12-M03-O02/base/repaired;CS12-core.json#CS12-M03-O02/changed-condition/repaired;CS12-project.json#CS12-M03-O02/base/repaired;CS12-project.json#CS12-M03-O02/changed-condition/repaired,CS12-core.json#CS12-M03-O02/base/initial;CS12-project.json#CS12-M03-O02/base/initial,changed-condition,ai-search,unavailable_no_professional_signoff,not_applicable_no_signoff,consult_versioned_reports;fixtures_are_not_execution_passes,full_depth;alternative_correct_solution;two_meaningful_errors;independent_transfer;open_review;Q4/Q5,partial_original_theory;not_Q1_complete,bounded_practice_ready;not_all_required_labs,fixed_condition_only;explanation_and_independence_pending
CS12-core-practice-0.2.0,CS12-M03,CS12-M03-O03,core,fixed_condition;explanation;independent_transfer,CS12/CS12-core-practice-0.2.0/manifest.json#CS12-M03-O03-CODE/theory,CS12-M03-O03-CODE@0.1.0,python313-isolate-dev@0.1.0,fixed_condition:versioned_server_rule;explanation/independent_transfer:pending,CS12-core.json#CS12-M03-O03/base/repaired;CS12-core.json#CS12-M03-O03/changed-condition/repaired;CS12-project.json#CS12-M03-O03/base/repaired;CS12-project.json#CS12-M03-O03/changed-condition/repaired,CS12-core.json#CS12-M03-O03/base/initial;CS12-project.json#CS12-M03-O03/base/initial,changed-condition,ai-search,unavailable_no_professional_signoff,not_applicable_no_signoff,consult_versioned_reports;fixtures_are_not_execution_passes,full_depth;alternative_correct_solution;two_meaningful_errors;independent_transfer;open_review;Q4/Q5,partial_original_theory;not_Q1_complete,bounded_practice_ready;not_all_required_labs,fixed_condition_only;explanation_and_independence_pending
CS12-core-practice-0.2.0,CS12-M04,CS12-M04-O01,core,fixed_condition;explanation;independent_transfer,CS12/CS12-core-practice-0.2.0/manifest.json#CS12-M04-O01-CODE/theory,CS12-M04-O01-CODE@0.1.0,python313-isolate-dev@0.1.0,fixed_condition:versioned_server_rule;explanation/independent_transfer:pending,CS12-core.json#CS12-M04-O01/base/repaired;CS12-core.json#CS12-M04-O01/changed-condition/repaired;CS12-project.json#CS12-M04-O01/base/repaired;CS12-project.json#CS12-M04-O01/changed-condition/repaired,CS12-core.json#CS12-M04-O01/base/initial;CS12-project.json#CS12-M04-O01/base/initial,changed-condition,ai-game,unavailable_no_professional_signoff,not_applicable_no_signoff,consult_versioned_reports;fixtures_are_not_execution_passes,full_depth;alternative_correct_solution;two_meaningful_errors;independent_transfer;open_review;Q4/Q5,partial_original_theory;not_Q1_complete,bounded_practice_ready;not_all_required_labs,fixed_condition_only;explanation_and_independence_pending
CS12-core-practice-0.2.0,CS12-M04,CS12-M04-O02,core,fixed_condition;explanation;independent_transfer,CS12/CS12-core-practice-0.2.0/manifest.json#CS12-M04-O02-CODE/theory,CS12-M04-O02-CODE@0.1.0,python313-isolate-dev@0.1.0,fixed_condition:versioned_server_rule;explanation/independent_transfer:pending,CS12-core.json#CS12-M04-O02/base/repaired;CS12-core.json#CS12-M04-O02/changed-condition/repaired;CS12-project.json#CS12-M04-O02/base/repaired;CS12-project.json#CS12-M04-O02/changed-condition/repaired,CS12-core.json#CS12-M04-O02/base/initial;CS12-core.json#CS12-M04-O02/changed-condition/initial;CS12-project.json#CS12-M04-O02/base/initial;CS12-project.json#CS12-M04-O02/changed-condition/initial,changed-condition,ai-local,unavailable_no_professional_signoff,not_applicable_no_signoff,consult_versioned_reports;fixtures_are_not_execution_passes,full_depth;alternative_correct_solution;two_meaningful_errors;independent_transfer;open_review;Q4/Q5,partial_original_theory;not_Q1_complete,bounded_practice_ready;not_all_required_labs,fixed_condition_only;explanation_and_independence_pending
CS12-core-practice-0.2.0,CS12-M04,CS12-M04-O03,core,fixed_condition;explanation;independent_transfer,CS12/CS12-core-practice-0.2.0/manifest.json#CS12-M04-O03-CODE/theory,CS12-M04-O03-CODE@0.1.0,python313-isolate-dev@0.1.0,fixed_condition:versioned_server_rule;explanation/independent_transfer:pending,CS12-core.json#CS12-M04-O03/base/repaired;CS12-core.json#CS12-M04-O03/changed-condition/repaired;CS12-project.json#CS12-M04-O03/base/repaired;CS12-project.json#CS12-M04-O03/changed-condition/repaired,CS12-core.json#CS12-M04-O03/base/initial;CS12-core.json#CS12-M04-O03/changed-condition/initial;CS12-project.json#CS12-M04-O03/base/initial;CS12-project.json#CS12-M04-O03/changed-condition/initial,changed-condition,ai-game,unavailable_no_professional_signoff,not_applicable_no_signoff,consult_versioned_reports;fixtures_are_not_execution_passes,full_depth;alternative_correct_solution;two_meaningful_errors;independent_transfer;open_review;Q4/Q5,partial_original_theory;not_Q1_complete,bounded_practice_ready;not_all_required_labs,fixed_condition_only;explanation_and_independence_pending
CS12-core-practice-0.2.0,CS12-M05,CS12-M05-O01,core,fixed_condition;explanation;independent_transfer,CS12/CS12-core-practice-0.2.0/manifest.json#CS12-M05-O01-CODE/theory,CS12-M05-O01-CODE@0.1.0,python313-isolate-dev@0.1.0,fixed_condition:versioned_server_rule;explanation/independent_transfer:pending,CS12-core.json#CS12-M05-O01/base/repaired;CS12-core.json#CS12-M05-O01/changed-condition/repaired;CS12-project.json#CS12-M05-O01/base/repaired;CS12-project.json#CS12-M05-O01/changed-condition/repaired,CS12-core.json#CS12-M05-O01/base/initial;CS12-project.json#CS12-M05-O01/base/initial,changed-condition,ai-csp,unavailable_no_professional_signoff,not_applicable_no_signoff,consult_versioned_reports;fixtures_are_not_execution_passes,full_depth;alternative_correct_solution;two_meaningful_errors;independent_transfer;open_review;Q4/Q5,partial_original_theory;not_Q1_complete,bounded_practice_ready;not_all_required_labs,fixed_condition_only;explanation_and_independence_pending
CS12-core-practice-0.2.0,CS12-M05,CS12-M05-O02,core,fixed_condition;explanation;independent_transfer,CS12/CS12-core-practice-0.2.0/manifest.json#CS12-M05-O02-CODE/theory,CS12-M05-O02-CODE@0.1.0,python313-isolate-dev@0.1.0,fixed_condition:versioned_server_rule;explanation/independent_transfer:pending,CS12-core.json#CS12-M05-O02/base/repaired;CS12-core.json#CS12-M05-O02/changed-condition/repaired;CS12-project.json#CS12-M05-O02/base/repaired;CS12-project.json#CS12-M05-O02/changed-condition/repaired,CS12-core.json#CS12-M05-O02/base/initial;CS12-project.json#CS12-M05-O02/base/initial,changed-condition,ai-filter,unavailable_no_professional_signoff,not_applicable_no_signoff,consult_versioned_reports;fixtures_are_not_execution_passes,full_depth;alternative_correct_solution;two_meaningful_errors;independent_transfer;open_review;Q4/Q5,partial_original_theory;not_Q1_complete,bounded_practice_ready;not_all_required_labs,fixed_condition_only;explanation_and_independence_pending
CS12-core-practice-0.2.0,CS12-M05,CS12-M05-O03,core,fixed_condition;explanation;independent_transfer,CS12/CS12-core-practice-0.2.0/manifest.json#CS12-M05-O03-CODE/theory,CS12-M05-O03-CODE@0.1.0,python313-isolate-dev@0.1.0,fixed_condition:versioned_server_rule;explanation/independent_transfer:pending,CS12-core.json#CS12-M05-O03/base/repaired;CS12-core.json#CS12-M05-O03/changed-condition/repaired;CS12-project.json#CS12-M05-O03/base/repaired;CS12-project.json#CS12-M05-O03/changed-condition/repaired,CS12-core.json#CS12-M05-O03/base/initial;CS12-core.json#CS12-M05-O03/changed-condition/initial;CS12-project.json#CS12-M05-O03/base/initial;CS12-project.json#CS12-M05-O03/changed-condition/initial,changed-condition,ai-csp,unavailable_no_professional_signoff,not_applicable_no_signoff,consult_versioned_reports;fixtures_are_not_execution_passes,full_depth;alternative_correct_solution;two_meaningful_errors;independent_transfer;open_review;Q4/Q5,partial_original_theory;not_Q1_complete,bounded_practice_ready;not_all_required_labs,fixed_condition_only;explanation_and_independence_pending
CS12-core-practice-0.2.0,CS12-M06,CS12-M06-O01,core,fixed_condition;explanation;independent_transfer,CS12/CS12-core-practice-0.2.0/manifest.json#CS12-M06-O01-CODE/theory,CS12-M06-O01-CODE@0.1.0,python313-isolate-dev@0.1.0,fixed_condition:versioned_server_rule;explanation/independent_transfer:pending,CS12-core.json#CS12-M06-O01/base/repaired;CS12-core.json#CS12-M06-O01/changed-condition/repaired;CS12-project.json#CS12-M06-O01/base/repaired;CS12-project.json#CS12-M06-O01/changed-condition/repaired,CS12-core.json#CS12-M06-O01/base/initial;CS12-core.json#CS12-M06-O01/changed-condition/initial;CS12-project.json#CS12-M06-O01/base/initial;CS12-project.json#CS12-M06-O01/changed-condition/initial,changed-condition,ai-logic,unavailable_no_professional_signoff,not_applicable_no_signoff,consult_versioned_reports;fixtures_are_not_execution_passes,full_depth;alternative_correct_solution;two_meaningful_errors;independent_transfer;open_review;Q4/Q5,partial_original_theory;not_Q1_complete,bounded_practice_ready;not_all_required_labs,fixed_condition_only;explanation_and_independence_pending
CS12-core-practice-0.2.0,CS12-M06,CS12-M06-O02,core,fixed_condition;explanation;independent_transfer,CS12/CS12-core-practice-0.2.0/manifest.json#CS12-M06-O02-CODE/theory,CS12-M06-O02-CODE@0.1.0,python313-isolate-dev@0.1.0,fixed_condition:versioned_server_rule;explanation/independent_transfer:pending,CS12-core.json#CS12-M06-O02/base/repaired;CS12-core.json#CS12-M06-O02/changed-condition/repaired;CS12-project.json#CS12-M06-O02/base/repaired;CS12-project.json#CS12-M06-O02/changed-condition/repaired,CS12-core.json#CS12-M06-O02/base/initial;CS12-project.json#CS12-M06-O02/base/initial,changed-condition,ai-logic,unavailable_no_professional_signoff,not_applicable_no_signoff,consult_versioned_reports;fixtures_are_not_execution_passes,full_depth;alternative_correct_solution;two_meaningful_errors;independent_transfer;open_review;Q4/Q5,partial_original_theory;not_Q1_complete,bounded_practice_ready;not_all_required_labs,fixed_condition_only;explanation_and_independence_pending
CS12-core-practice-0.2.0,CS12-M06,CS12-M06-O03,core,fixed_condition;explanation;independent_transfer,CS12/CS12-core-practice-0.2.0/manifest.json#CS12-M06-O03-CODE/theory,CS12-M06-O03-CODE@0.1.0,python313-isolate-dev@0.1.0,fixed_condition:versioned_server_rule;explanation/independent_transfer:pending,CS12-core.json#CS12-M06-O03/base/repaired;CS12-core.json#CS12-M06-O03/changed-condition/repaired;CS12-project.json#CS12-M06-O03/base/repaired;CS12-project.json#CS12-M06-O03/changed-condition/repaired,CS12-core.json#CS12-M06-O03/base/initial;CS12-project.json#CS12-M06-O03/base/initial,changed-condition,ai-logic,unavailable_no_professional_signoff,not_applicable_no_signoff,consult_versioned_reports;fixtures_are_not_execution_passes,full_depth;alternative_correct_solution;two_meaningful_errors;independent_transfer;open_review;Q4/Q5,partial_original_theory;not_Q1_complete,bounded_practice_ready;not_all_required_labs,fixed_condition_only;explanation_and_independence_pending
CS12-core-practice-0.2.0,CS12-M07,CS12-M07-O01,core,fixed_condition;explanation;independent_transfer,CS12/CS12-core-practice-0.2.0/manifest.json#CS12-M07-O01-CODE/theory,CS12-M07-O01-CODE@0.1.0,python313-isolate-dev@0.1.0,fixed_condition:versioned_server_rule;explanation/independent_transfer:pending,CS12-core.json#CS12-M07-O01/base/repaired;CS12-core.json#CS12-M07-O01/changed-condition/repaired;CS12-project.json#CS12-M07-O01/base/repaired;CS12-project.json#CS12-M07-O01/changed-condition/repaired,CS12-core.json#CS12-M07-O01/base/initial;CS12-project.json#CS12-M07-O01/base/initial,changed-condition,ai-prob,unavailable_no_professional_signoff,not_applicable_no_signoff,consult_versioned_reports;fixtures_are_not_execution_passes,full_depth;alternative_correct_solution;two_meaningful_errors;independent_transfer;open_review;Q4/Q5,partial_original_theory;not_Q1_complete,bounded_practice_ready;not_all_required_labs,fixed_condition_only;explanation_and_independence_pending
CS12-core-practice-0.2.0,CS12-M07,CS12-M07-O02,core,fixed_condition;explanation;independent_transfer,CS12/CS12-core-practice-0.2.0/manifest.json#CS12-M07-O02-CODE/theory,CS12-M07-O02-CODE@0.1.0,python313-isolate-dev@0.1.0,fixed_condition:versioned_server_rule;explanation/independent_transfer:pending,CS12-core.json#CS12-M07-O02/base/repaired;CS12-core.json#CS12-M07-O02/changed-condition/repaired;CS12-project.json#CS12-M07-O02/base/repaired;CS12-project.json#CS12-M07-O02/changed-condition/repaired,CS12-core.json#CS12-M07-O02/base/initial;CS12-project.json#CS12-M07-O02/base/initial,changed-condition,ai-prob,unavailable_no_professional_signoff,not_applicable_no_signoff,consult_versioned_reports;fixtures_are_not_execution_passes,full_depth;alternative_correct_solution;two_meaningful_errors;independent_transfer;open_review;Q4/Q5,partial_original_theory;not_Q1_complete,bounded_practice_ready;not_all_required_labs,fixed_condition_only;explanation_and_independence_pending
CS12-core-practice-0.2.0,CS12-M07,CS12-M07-O03,core,fixed_condition;explanation;independent_transfer,CS12/CS12-core-practice-0.2.0/manifest.json#CS12-M07-O03-CODE/theory,CS12-M07-O03-CODE@0.1.0,python313-isolate-dev@0.1.0,fixed_condition:versioned_server_rule;explanation/independent_transfer:pending,CS12-core.json#CS12-M07-O03/base/repaired;CS12-core.json#CS12-M07-O03/changed-condition/repaired;CS12-project.json#CS12-M07-O03/base/repaired;CS12-project.json#CS12-M07-O03/changed-condition/repaired,CS12-core.json#CS12-M07-O03/base/initial;CS12-project.json#CS12-M07-O03/base/initial,changed-condition,ai-prob,unavailable_no_professional_signoff,not_applicable_no_signoff,consult_versioned_reports;fixtures_are_not_execution_passes,full_depth;alternative_correct_solution;two_meaningful_errors;independent_transfer;open_review;Q4/Q5,partial_original_theory;not_Q1_complete,bounded_practice_ready;not_all_required_labs,fixed_condition_only;explanation_and_independence_pending
CS12-core-practice-0.2.0,CS12-M08,CS12-M08-O01,core,fixed_condition;explanation;independent_transfer,CS12/CS12-core-practice-0.2.0/manifest.json#CS12-M08-O01-CODE/theory,CS12-M08-O01-CODE@0.1.0,python313-isolate-dev@0.1.0,fixed_condition:versioned_server_rule;explanation/independent_transfer:pending,CS12-core.json#CS12-M08-O01/base/repaired;CS12-core.json#CS12-M08-O01/changed-condition/repaired;CS12-project.json#CS12-M08-O01/base/repaired;CS12-project.json#CS12-M08-O01/changed-condition/repaired,CS12-core.json#CS12-M08-O01/base/initial;CS12-project.json#CS12-M08-O01/base/initial,changed-condition,ai-plan,unavailable_no_professional_signoff,not_applicable_no_signoff,consult_versioned_reports;fixtures_are_not_execution_passes,full_depth;alternative_correct_solution;two_meaningful_errors;independent_transfer;open_review;Q4/Q5,partial_original_theory;not_Q1_complete,bounded_practice_ready;not_all_required_labs,fixed_condition_only;explanation_and_independence_pending
CS12-core-practice-0.2.0,CS12-M08,CS12-M08-O02,core,fixed_condition;explanation;independent_transfer,CS12/CS12-core-practice-0.2.0/manifest.json#CS12-M08-O02-CODE/theory,CS12-M08-O02-CODE@0.1.0,python313-isolate-dev@0.1.0,fixed_condition:versioned_server_rule;explanation/independent_transfer:pending,CS12-core.json#CS12-M08-O02/base/repaired;CS12-core.json#CS12-M08-O02/changed-condition/repaired;CS12-project.json#CS12-M08-O02/base/repaired;CS12-project.json#CS12-M08-O02/changed-condition/repaired,CS12-core.json#CS12-M08-O02/base/initial;CS12-project.json#CS12-M08-O02/base/initial,changed-condition,ai-plan,unavailable_no_professional_signoff,not_applicable_no_signoff,consult_versioned_reports;fixtures_are_not_execution_passes,full_depth;alternative_correct_solution;two_meaningful_errors;independent_transfer;open_review;Q4/Q5,partial_original_theory;not_Q1_complete,bounded_practice_ready;not_all_required_labs,fixed_condition_only;explanation_and_independence_pending
CS12-core-practice-0.2.0,CS12-M08,CS12-M08-O03,core,fixed_condition;explanation;independent_transfer,CS12/CS12-core-practice-0.2.0/manifest.json#CS12-M08-O03-CODE/theory,CS12-M08-O03-CODE@0.1.0,python313-isolate-dev@0.1.0,fixed_condition:versioned_server_rule;explanation/independent_transfer:pending,CS12-core.json#CS12-M08-O03/base/repaired;CS12-core.json#CS12-M08-O03/changed-condition/repaired;CS12-project.json#CS12-M08-O03/base/repaired;CS12-project.json#CS12-M08-O03/changed-condition/repaired,CS12-core.json#CS12-M08-O03/base/initial;CS12-project.json#CS12-M08-O03/base/initial,changed-condition,ai-plan,unavailable_no_professional_signoff,not_applicable_no_signoff,consult_versioned_reports;fixtures_are_not_execution_passes,full_depth;alternative_correct_solution;two_meaningful_errors;independent_transfer;open_review;Q4/Q5,partial_original_theory;not_Q1_complete,bounded_practice_ready;not_all_required_labs,fixed_condition_only;explanation_and_independence_pending
CS12-core-practice-0.2.0,CS12-M09,CS12-M09-O01,core,fixed_condition;explanation;independent_transfer,CS12/CS12-core-practice-0.2.0/manifest.json#CS12-M09-O01-CODE/theory,CS12-M09-O01-CODE@0.1.0,python313-isolate-dev@0.1.0,fixed_condition:versioned_server_rule;explanation/independent_transfer:pending,CS12-core.json#CS12-M09-O01/base/repaired;CS12-core.json#CS12-M09-O01/changed-condition/repaired;CS12-project.json#CS12-M09-O01/base/repaired;CS12-project.json#CS12-M09-O01/changed-condition/repaired,CS12-core.json#CS12-M09-O01/base/initial;CS12-project.json#CS12-M09-O01/base/initial,changed-condition,ai-search,unavailable_no_professional_signoff,not_applicable_no_signoff,consult_versioned_reports;fixtures_are_not_execution_passes,full_depth;alternative_correct_solution;two_meaningful_errors;independent_transfer;open_review;Q4/Q5,partial_original_theory;not_Q1_complete,bounded_practice_ready;not_all_required_labs,fixed_condition_only;explanation_and_independence_pending
CS12-core-practice-0.2.0,CS12-M09,CS12-M09-O02,core,fixed_condition;explanation;independent_transfer,CS12/CS12-core-practice-0.2.0/manifest.json#CS12-M09-O02-CODE/theory,CS12-M09-O02-CODE@0.1.0,python313-isolate-dev@0.1.0,fixed_condition:versioned_server_rule;explanation/independent_transfer:pending,CS12-core.json#CS12-M09-O02/base/repaired;CS12-core.json#CS12-M09-O02/changed-condition/repaired;CS12-project.json#CS12-M09-O02/base/repaired;CS12-project.json#CS12-M09-O02/changed-condition/repaired,CS12-core.json#CS12-M09-O02/base/initial;CS12-project.json#CS12-M09-O02/base/initial,changed-condition,ai-prob,unavailable_no_professional_signoff,not_applicable_no_signoff,consult_versioned_reports;fixtures_are_not_execution_passes,full_depth;alternative_correct_solution;two_meaningful_errors;independent_transfer;open_review;Q4/Q5,partial_original_theory;not_Q1_complete,bounded_practice_ready;not_all_required_labs,fixed_condition_only;explanation_and_independence_pending
CS12-core-practice-0.2.0,CS12-M09,CS12-M09-O03,core,fixed_condition;explanation;independent_transfer,CS12/CS12-core-practice-0.2.0/manifest.json#CS12-M09-O03-CODE/theory,CS12-M09-O03-CODE@0.1.0,python313-isolate-dev@0.1.0,fixed_condition:versioned_server_rule;explanation/independent_transfer:pending,CS12-core.json#CS12-M09-O03/base/repaired;CS12-core.json#CS12-M09-O03/changed-condition/repaired;CS12-project.json#CS12-M09-O03/base/repaired;CS12-project.json#CS12-M09-O03/changed-condition/repaired,CS12-core.json#CS12-M09-O03/base/initial;CS12-project.json#CS12-M09-O03/base/initial,changed-condition,ai-plan,unavailable_no_professional_signoff,not_applicable_no_signoff,consult_versioned_reports;fixtures_are_not_execution_passes,full_depth;alternative_correct_solution;two_meaningful_errors;independent_transfer;open_review;Q4/Q5,partial_original_theory;not_Q1_complete,bounded_practice_ready;not_all_required_labs,fixed_condition_only;explanation_and_independence_pending
CS13-core-practice-0.3.0,CS13-M01,CS13-M01-O01,core,fixed_condition;explanation;independent_transfer,CS13/CS13-core-practice-0.3.0/manifest.json#CS13-M01-O01-CODE/theory,CS13-M01-O01-CODE@0.1.0,python313-isolate-dev@0.1.0,fixed_condition:versioned_server_rule;explanation/independent_transfer:pending,CS13-core.json#CS13-M01-O01/base/repaired;CS13-core.json#CS13-M01-O01/changed-condition/repaired;CS13-libraries.json#CS13-M01-O01/base/repaired;CS13-libraries.json#CS13-M01-O01/changed-condition/repaired;CS13-project.json#CS13-M01-O01/base/repaired;CS13-project.json#CS13-M01-O01/changed-condition/repaired,CS13-core.json#CS13-M01-O01/base/initial;CS13-libraries.json#CS13-M01-O01/base/initial;CS13-project.json#CS13-M01-O01/base/initial,changed-condition,ml-metric,unavailable_no_professional_signoff,not_applicable_no_signoff,consult_versioned_reports;fixtures_are_not_execution_passes,full_depth;alternative_correct_solution;two_meaningful_errors;independent_transfer;open_review;Q4/Q5,partial_original_theory;not_Q1_complete,bounded_practice_ready;not_all_required_labs,fixed_condition_only;explanation_and_independence_pending
CS13-core-practice-0.3.0,CS13-M01,CS13-M01-O02,core,fixed_condition;explanation;independent_transfer,CS13/CS13-core-practice-0.3.0/manifest.json#CS13-M01-O02-CODE/theory,CS13-M01-O02-CODE@0.1.0,python313-isolate-dev@0.1.0,fixed_condition:versioned_server_rule;explanation/independent_transfer:pending,CS13-core.json#CS13-M01-O02/base/repaired;CS13-core.json#CS13-M01-O02/changed-condition/repaired;CS13-libraries.json#CS13-M01-O02/base/repaired;CS13-libraries.json#CS13-M01-O02/changed-condition/repaired;CS13-project.json#CS13-M01-O02/base/repaired;CS13-project.json#CS13-M01-O02/changed-condition/repaired,CS13-core.json#CS13-M01-O02/base/initial;CS13-libraries.json#CS13-M01-O02/base/initial;CS13-project.json#CS13-M01-O02/base/initial,changed-condition,ml-leak,unavailable_no_professional_signoff,not_applicable_no_signoff,consult_versioned_reports;fixtures_are_not_execution_passes,full_depth;alternative_correct_solution;two_meaningful_errors;independent_transfer;open_review;Q4/Q5,partial_original_theory;not_Q1_complete,bounded_practice_ready;not_all_required_labs,fixed_condition_only;explanation_and_independence_pending
CS13-core-practice-0.3.0,CS13-M01,CS13-M01-O03,core,fixed_condition;explanation;independent_transfer,CS13/CS13-core-practice-0.3.0/manifest.json#CS13-M01-O03-CODE/theory,CS13-M01-O03-CODE@0.1.0,python313-isolate-dev@0.1.0,fixed_condition:versioned_server_rule;explanation/independent_transfer:pending,CS13-core.json#CS13-M01-O03/base/repaired;CS13-core.json#CS13-M01-O03/changed-condition/repaired;CS13-libraries.json#CS13-M01-O03/base/repaired;CS13-libraries.json#CS13-M01-O03/changed-condition/repaired;CS13-project.json#CS13-M01-O03/base/repaired;CS13-project.json#CS13-M01-O03/changed-condition/repaired,CS13-core.json#CS13-M01-O03/base/initial;CS13-core.json#CS13-M01-O03/changed-condition/initial;CS13-libraries.json#CS13-M01-O03/base/initial;CS13-libraries.json#CS13-M01-O03/changed-condition/initial;CS13-project.json#CS13-M01-O03/base/initial;CS13-project.json#CS13-M01-O03/changed-condition/initial,changed-condition,ml-metric,unavailable_no_professional_signoff,not_applicable_no_signoff,consult_versioned_reports;fixtures_are_not_execution_passes,full_depth;alternative_correct_solution;two_meaningful_errors;independent_transfer;open_review;Q4/Q5,partial_original_theory;not_Q1_complete,bounded_practice_ready;not_all_required_labs,fixed_condition_only;explanation_and_independence_pending
CS13-core-practice-0.3.0,CS13-M02,CS13-M02-O01,core,fixed_condition;explanation;independent_transfer,CS13/CS13-core-practice-0.3.0/manifest.json#CS13-M02-O01-CODE/theory,CS13-M02-O01-CODE@0.1.0,python313-isolate-dev@0.1.0,fixed_condition:versioned_server_rule;explanation/independent_transfer:pending,CS13-core.json#CS13-M02-O01/base/repaired;CS13-core.json#CS13-M02-O01/changed-condition/repaired;CS13-libraries.json#CS13-M02-O01/base/repaired;CS13-libraries.json#CS13-M02-O01/changed-condition/repaired;CS13-project.json#CS13-M02-O01/base/repaired;CS13-project.json#CS13-M02-O01/changed-condition/repaired,CS13-core.json#CS13-M02-O01/base/initial;CS13-libraries.json#CS13-M02-O01/base/initial;CS13-project.json#CS13-M02-O01/base/initial,changed-condition,ml-leak,unavailable_no_professional_signoff,not_applicable_no_signoff,consult_versioned_reports;fixtures_are_not_execution_passes,full_depth;alternative_correct_solution;two_meaningful_errors;independent_transfer;open_review;Q4/Q5,partial_original_theory;not_Q1_complete,bounded_practice_ready;not_all_required_labs,fixed_condition_only;explanation_and_independence_pending
CS13-core-practice-0.3.0,CS13-M02,CS13-M02-O02,core,fixed_condition;explanation;independent_transfer,CS13/CS13-core-practice-0.3.0/manifest.json#CS13-M02-O02-CODE/theory,CS13-M02-O02-CODE@0.1.0,python313-isolate-dev@0.1.0,fixed_condition:versioned_server_rule;explanation/independent_transfer:pending,CS13-core.json#CS13-M02-O02/base/repaired;CS13-core.json#CS13-M02-O02/changed-condition/repaired;CS13-libraries.json#CS13-M02-O02/base/repaired;CS13-libraries.json#CS13-M02-O02/changed-condition/repaired;CS13-project.json#CS13-M02-O02/base/repaired;CS13-project.json#CS13-M02-O02/changed-condition/repaired,CS13-core.json#CS13-M02-O02/base/initial;CS13-libraries.json#CS13-M02-O02/base/initial;CS13-project.json#CS13-M02-O02/base/initial,changed-condition,ml-leak,unavailable_no_professional_signoff,not_applicable_no_signoff,consult_versioned_reports;fixtures_are_not_execution_passes,full_depth;alternative_correct_solution;two_meaningful_errors;independent_transfer;open_review;Q4/Q5,partial_original_theory;not_Q1_complete,bounded_practice_ready;not_all_required_labs,fixed_condition_only;explanation_and_independence_pending
CS13-core-practice-0.3.0,CS13-M02,CS13-M02-O03,core,fixed_condition;explanation;independent_transfer,CS13/CS13-core-practice-0.3.0/manifest.json#CS13-M02-O03-CODE/theory,CS13-M02-O03-CODE@0.1.0,python313-isolate-dev@0.1.0,fixed_condition:versioned_server_rule;explanation/independent_transfer:pending,CS13-core.json#CS13-M02-O03/base/repaired;CS13-core.json#CS13-M02-O03/changed-condition/repaired;CS13-libraries.json#CS13-M02-O03/base/repaired;CS13-libraries.json#CS13-M02-O03/changed-condition/repaired;CS13-project.json#CS13-M02-O03/base/repaired;CS13-project.json#CS13-M02-O03/changed-condition/repaired,CS13-core.json#CS13-M02-O03/base/initial;CS13-libraries.json#CS13-M02-O03/base/initial;CS13-project.json#CS13-M02-O03/base/initial,changed-condition,ml-leak,unavailable_no_professional_signoff,not_applicable_no_signoff,consult_versioned_reports;fixtures_are_not_execution_passes,full_depth;alternative_correct_solution;two_meaningful_errors;independent_transfer;open_review;Q4/Q5,partial_original_theory;not_Q1_complete,bounded_practice_ready;not_all_required_labs,fixed_condition_only;explanation_and_independence_pending
CS13-core-practice-0.3.0,CS13-M03,CS13-M03-O01,core,fixed_condition;explanation;independent_transfer,CS13/CS13-core-practice-0.3.0/manifest.json#CS13-M03-O01-CODE/theory,CS13-M03-O01-CODE@0.2.0,python313-isolate-dev@0.1.0;python313ml-isolate-dev@0.1.0,fixed_condition:versioned_server_rule;explanation/independent_transfer:pending,CS13-core.json#CS13-M03-O01/base/repaired;CS13-core.json#CS13-M03-O01/changed-condition/repaired;CS13-libraries.json#CS13-M03-O01/base/repaired;CS13-libraries.json#CS13-M03-O01/changed-condition/repaired;CS13-libraries.json#library-linear/repaired;CS13-project.json#CS13-M03-O01/base/repaired;CS13-project.json#CS13-M03-O01/changed-condition/repaired,CS13-core.json#CS13-M03-O01/base/initial;CS13-core.json#CS13-M03-O01/changed-condition/initial;CS13-libraries.json#CS13-M03-O01/base/initial;CS13-libraries.json#CS13-M03-O01/changed-condition/initial;CS13-libraries.json#library-linear/initial;CS13-project.json#CS13-M03-O01/base/initial;CS13-project.json#CS13-M03-O01/changed-condition/initial,changed-condition;library-linear,ml-linear;ml17-linear_model,unavailable_no_professional_signoff,not_applicable_no_signoff,consult_versioned_reports;fixtures_are_not_execution_passes,full_depth;alternative_correct_solution;two_meaningful_errors;independent_transfer;open_review;Q4/Q5,partial_original_theory;not_Q1_complete,bounded_practice_ready;not_all_required_labs,fixed_condition_only;explanation_and_independence_pending
CS13-core-practice-0.3.0,CS13-M03,CS13-M03-O02,core,fixed_condition;explanation;independent_transfer,CS13/CS13-core-practice-0.3.0/manifest.json#CS13-M03-O02-CODE/theory,CS13-M03-O02-CODE@0.1.0,python313-isolate-dev@0.1.0,fixed_condition:versioned_server_rule;explanation/independent_transfer:pending,CS13-core.json#CS13-M03-O02/base/repaired;CS13-core.json#CS13-M03-O02/changed-condition/repaired;CS13-libraries.json#CS13-M03-O02/base/repaired;CS13-libraries.json#CS13-M03-O02/changed-condition/repaired;CS13-project.json#CS13-M03-O02/base/repaired;CS13-project.json#CS13-M03-O02/changed-condition/repaired,CS13-core.json#CS13-M03-O02/base/initial;CS13-libraries.json#CS13-M03-O02/base/initial;CS13-project.json#CS13-M03-O02/base/initial,changed-condition,ml-linear,unavailable_no_professional_signoff,not_applicable_no_signoff,consult_versioned_reports;fixtures_are_not_execution_passes,full_depth;alternative_correct_solution;two_meaningful_errors;independent_transfer;open_review;Q4/Q5,partial_original_theory;not_Q1_complete,bounded_practice_ready;not_all_required_labs,fixed_condition_only;explanation_and_independence_pending
CS13-core-practice-0.3.0,CS13-M03,CS13-M03-O03,core,fixed_condition;explanation;independent_transfer,CS13/CS13-core-practice-0.3.0/manifest.json#CS13-M03-O03-CODE/theory,CS13-M03-O03-CODE@0.2.0,python313-isolate-dev@0.1.0;python313ml-isolate-dev@0.1.0,fixed_condition:versioned_server_rule;explanation/independent_transfer:pending,CS13-core.json#CS13-M03-O03/base/repaired;CS13-core.json#CS13-M03-O03/changed-condition/repaired;CS13-libraries.json#CS13-M03-O03/base/repaired;CS13-libraries.json#CS13-M03-O03/changed-condition/repaired;CS13-libraries.json#library-ridge/repaired;CS13-project.json#CS13-M03-O03/base/repaired;CS13-project.json#CS13-M03-O03/changed-condition/repaired,CS13-core.json#CS13-M03-O03/base/initial;CS13-libraries.json#CS13-M03-O03/base/initial;CS13-libraries.json#library-ridge/initial;CS13-project.json#CS13-M03-O03/base/initial,changed-condition;library-ridge,ml-linear;ml17-linear_model,unavailable_no_professional_signoff,not_applicable_no_signoff,consult_versioned_reports;fixtures_are_not_execution_passes,full_depth;alternative_correct_solution;two_meaningful_errors;independent_transfer;open_review;Q4/Q5,partial_original_theory;not_Q1_complete,bounded_practice_ready;not_all_required_labs,fixed_condition_only;explanation_and_independence_pending
CS13-core-practice-0.3.0,CS13-M04,CS13-M04-O01,core,fixed_condition;explanation;independent_transfer,CS13/CS13-core-practice-0.3.0/manifest.json#CS13-M04-O01-CODE/theory,CS13-M04-O01-CODE@0.1.0,python313-isolate-dev@0.1.0,fixed_condition:versioned_server_rule;explanation/independent_transfer:pending,CS13-core.json#CS13-M04-O01/base/repaired;CS13-core.json#CS13-M04-O01/changed-condition/repaired;CS13-libraries.json#CS13-M04-O01/base/repaired;CS13-libraries.json#CS13-M04-O01/changed-condition/repaired;CS13-project.json#CS13-M04-O01/base/repaired;CS13-project.json#CS13-M04-O01/changed-condition/repaired,CS13-core.json#CS13-M04-O01/base/initial;CS13-libraries.json#CS13-M04-O01/base/initial;CS13-project.json#CS13-M04-O01/base/initial,changed-condition,ml-linear,unavailable_no_professional_signoff,not_applicable_no_signoff,consult_versioned_reports;fixtures_are_not_execution_passes,full_depth;alternative_correct_solution;two_meaningful_errors;independent_transfer;open_review;Q4/Q5,partial_original_theory;not_Q1_complete,bounded_practice_ready;not_all_required_labs,fixed_condition_only;explanation_and_independence_pending
CS13-core-practice-0.3.0,CS13-M04,CS13-M04-O02,core,fixed_condition;explanation;independent_transfer,CS13/CS13-core-practice-0.3.0/manifest.json#CS13-M04-O02-CODE/theory,CS13-M04-O02-CODE@0.1.0,python313-isolate-dev@0.1.0,fixed_condition:versioned_server_rule;explanation/independent_transfer:pending,CS13-core.json#CS13-M04-O02/base/repaired;CS13-core.json#CS13-M04-O02/changed-condition/repaired;CS13-libraries.json#CS13-M04-O02/base/repaired;CS13-libraries.json#CS13-M04-O02/changed-condition/repaired;CS13-project.json#CS13-M04-O02/base/repaired;CS13-project.json#CS13-M04-O02/changed-condition/repaired,CS13-core.json#CS13-M04-O02/base/initial;CS13-core.json#CS13-M04-O02/changed-condition/initial;CS13-libraries.json#CS13-M04-O02/base/initial;CS13-libraries.json#CS13-M04-O02/changed-condition/initial;CS13-project.json#CS13-M04-O02/base/initial;CS13-project.json#CS13-M04-O02/changed-condition/initial,changed-condition,ml-validation,unavailable_no_professional_signoff,not_applicable_no_signoff,consult_versioned_reports;fixtures_are_not_execution_passes,full_depth;alternative_correct_solution;two_meaningful_errors;independent_transfer;open_review;Q4/Q5,partial_original_theory;not_Q1_complete,bounded_practice_ready;not_all_required_labs,fixed_condition_only;explanation_and_independence_pending
CS13-core-practice-0.3.0,CS13-M04,CS13-M04-O03,core,fixed_condition;explanation;independent_transfer,CS13/CS13-core-practice-0.3.0/manifest.json#CS13-M04-O03-CODE/theory,CS13-M04-O03-CODE@0.1.0,python313-isolate-dev@0.1.0,fixed_condition:versioned_server_rule;explanation/independent_transfer:pending,CS13-core.json#CS13-M04-O03/base/repaired;CS13-core.json#CS13-M04-O03/changed-condition/repaired;CS13-libraries.json#CS13-M04-O03/base/repaired;CS13-libraries.json#CS13-M04-O03/changed-condition/repaired;CS13-project.json#CS13-M04-O03/base/repaired;CS13-project.json#CS13-M04-O03/changed-condition/repaired,CS13-core.json#CS13-M04-O03/base/initial;CS13-libraries.json#CS13-M04-O03/base/initial;CS13-project.json#CS13-M04-O03/base/initial,changed-condition,ml-validation,unavailable_no_professional_signoff,not_applicable_no_signoff,consult_versioned_reports;fixtures_are_not_execution_passes,full_depth;alternative_correct_solution;two_meaningful_errors;independent_transfer;open_review;Q4/Q5,partial_original_theory;not_Q1_complete,bounded_practice_ready;not_all_required_labs,fixed_condition_only;explanation_and_independence_pending
CS13-core-practice-0.3.0,CS13-M05,CS13-M05-O01,core,fixed_condition;explanation;independent_transfer,CS13/CS13-core-practice-0.3.0/manifest.json#CS13-M05-O01-CODE/theory,CS13-M05-O01-CODE@0.2.0,python313-isolate-dev@0.1.0;python313ml-isolate-dev@0.1.0,fixed_condition:versioned_server_rule;explanation/independent_transfer:pending,CS13-core.json#CS13-M05-O01/base/repaired;CS13-core.json#CS13-M05-O01/changed-condition/repaired;CS13-libraries.json#CS13-M05-O01/base/repaired;CS13-libraries.json#CS13-M05-O01/changed-condition/repaired;CS13-libraries.json#library-tree/repaired;CS13-project.json#CS13-M05-O01/base/repaired;CS13-project.json#CS13-M05-O01/changed-condition/repaired,CS13-core.json#CS13-M05-O01/base/initial;CS13-libraries.json#CS13-M05-O01/base/initial;CS13-libraries.json#library-tree/initial;CS13-project.json#CS13-M05-O01/base/initial,changed-condition;library-tree,ml-tree;ml17-tree,unavailable_no_professional_signoff,not_applicable_no_signoff,consult_versioned_reports;fixtures_are_not_execution_passes,full_depth;alternative_correct_solution;two_meaningful_errors;independent_transfer;open_review;Q4/Q5,partial_original_theory;not_Q1_complete,bounded_practice_ready;not_all_required_labs,fixed_condition_only;explanation_and_independence_pending
CS13-core-practice-0.3.0,CS13-M05,CS13-M05-O02,core,fixed_condition;explanation;independent_transfer,CS13/CS13-core-practice-0.3.0/manifest.json#CS13-M05-O02-CODE/theory,CS13-M05-O02-CODE@0.1.0,python313-isolate-dev@0.1.0,fixed_condition:versioned_server_rule;explanation/independent_transfer:pending,CS13-core.json#CS13-M05-O02/base/repaired;CS13-core.json#CS13-M05-O02/changed-condition/repaired;CS13-libraries.json#CS13-M05-O02/base/repaired;CS13-libraries.json#CS13-M05-O02/changed-condition/repaired;CS13-project.json#CS13-M05-O02/base/repaired;CS13-project.json#CS13-M05-O02/changed-condition/repaired,CS13-core.json#CS13-M05-O02/base/initial;CS13-libraries.json#CS13-M05-O02/base/initial;CS13-project.json#CS13-M05-O02/base/initial,changed-condition,ml-ensemble,unavailable_no_professional_signoff,not_applicable_no_signoff,consult_versioned_reports;fixtures_are_not_execution_passes,full_depth;alternative_correct_solution;two_meaningful_errors;independent_transfer;open_review;Q4/Q5,partial_original_theory;not_Q1_complete,bounded_practice_ready;not_all_required_labs,fixed_condition_only;explanation_and_independence_pending
CS13-core-practice-0.3.0,CS13-M05,CS13-M05-O03,core,fixed_condition;explanation;independent_transfer,CS13/CS13-core-practice-0.3.0/manifest.json#CS13-M05-O03-CODE/theory,CS13-M05-O03-CODE@0.1.0,python313-isolate-dev@0.1.0,fixed_condition:versioned_server_rule;explanation/independent_transfer:pending,CS13-core.json#CS13-M05-O03/base/repaired;CS13-core.json#CS13-M05-O03/changed-condition/repaired;CS13-libraries.json#CS13-M05-O03/base/repaired;CS13-libraries.json#CS13-M05-O03/changed-condition/repaired;CS13-project.json#CS13-M05-O03/base/repaired;CS13-project.json#CS13-M05-O03/changed-condition/repaired,CS13-core.json#CS13-M05-O03/base/initial;CS13-libraries.json#CS13-M05-O03/base/initial;CS13-project.json#CS13-M05-O03/base/initial,changed-condition,ml-tree,unavailable_no_professional_signoff,not_applicable_no_signoff,consult_versioned_reports;fixtures_are_not_execution_passes,full_depth;alternative_correct_solution;two_meaningful_errors;independent_transfer;open_review;Q4/Q5,partial_original_theory;not_Q1_complete,bounded_practice_ready;not_all_required_labs,fixed_condition_only;explanation_and_independence_pending
CS13-core-practice-0.3.0,CS13-M06,CS13-M06-O01,core,fixed_condition;explanation;independent_transfer,CS13/CS13-core-practice-0.3.0/manifest.json#CS13-M06-O01-CODE/theory,CS13-M06-O01-CODE@0.1.0,python313-isolate-dev@0.1.0,fixed_condition:versioned_server_rule;explanation/independent_transfer:pending,CS13-core.json#CS13-M06-O01/base/repaired;CS13-core.json#CS13-M06-O01/changed-condition/repaired;CS13-libraries.json#CS13-M06-O01/base/repaired;CS13-libraries.json#CS13-M06-O01/changed-condition/repaired;CS13-project.json#CS13-M06-O01/base/repaired;CS13-project.json#CS13-M06-O01/changed-condition/repaired,CS13-core.json#CS13-M06-O01/base/initial;CS13-libraries.json#CS13-M06-O01/base/initial;CS13-project.json#CS13-M06-O01/base/initial,changed-condition,ml-neighbor,unavailable_no_professional_signoff,not_applicable_no_signoff,consult_versioned_reports;fixtures_are_not_execution_passes,full_depth;alternative_correct_solution;two_meaningful_errors;independent_transfer;open_review;Q4/Q5,partial_original_theory;not_Q1_complete,bounded_practice_ready;not_all_required_labs,fixed_condition_only;explanation_and_independence_pending
CS13-core-practice-0.3.0,CS13-M06,CS13-M06-O02,core,fixed_condition;explanation;independent_transfer,CS13/CS13-core-practice-0.3.0/manifest.json#CS13-M06-O02-CODE/theory,CS13-M06-O02-CODE@0.1.0,python313-isolate-dev@0.1.0,fixed_condition:versioned_server_rule;explanation/independent_transfer:pending,CS13-core.json#CS13-M06-O02/base/repaired;CS13-core.json#CS13-M06-O02/changed-condition/repaired;CS13-libraries.json#CS13-M06-O02/base/repaired;CS13-libraries.json#CS13-M06-O02/changed-condition/repaired;CS13-project.json#CS13-M06-O02/base/repaired;CS13-project.json#CS13-M06-O02/changed-condition/repaired,CS13-core.json#CS13-M06-O02/base/initial;CS13-libraries.json#CS13-M06-O02/base/initial;CS13-project.json#CS13-M06-O02/base/initial,changed-condition,ml-neighbor,unavailable_no_professional_signoff,not_applicable_no_signoff,consult_versioned_reports;fixtures_are_not_execution_passes,full_depth;alternative_correct_solution;two_meaningful_errors;independent_transfer;open_review;Q4/Q5,partial_original_theory;not_Q1_complete,bounded_practice_ready;not_all_required_labs,fixed_condition_only;explanation_and_independence_pending
CS13-core-practice-0.3.0,CS13-M06,CS13-M06-O03,core,fixed_condition;explanation;independent_transfer,CS13/CS13-core-practice-0.3.0/manifest.json#CS13-M06-O03-CODE/theory,CS13-M06-O03-CODE@0.2.0,python313-isolate-dev@0.1.0;python313ml-isolate-dev@0.1.0,fixed_condition:versioned_server_rule;explanation/independent_transfer:pending,CS13-core.json#CS13-M06-O03/base/repaired;CS13-core.json#CS13-M06-O03/changed-condition/repaired;CS13-libraries.json#CS13-M06-O03/base/repaired;CS13-libraries.json#CS13-M06-O03/changed-condition/repaired;CS13-libraries.json#library-svm/repaired;CS13-project.json#CS13-M06-O03/base/repaired;CS13-project.json#CS13-M06-O03/changed-condition/repaired,CS13-core.json#CS13-M06-O03/base/initial;CS13-libraries.json#CS13-M06-O03/base/initial;CS13-libraries.json#library-svm/initial;CS13-project.json#CS13-M06-O03/base/initial,changed-condition;library-svm,ml-linear;ml17-svm,unavailable_no_professional_signoff,not_applicable_no_signoff,consult_versioned_reports;fixtures_are_not_execution_passes,full_depth;alternative_correct_solution;two_meaningful_errors;independent_transfer;open_review;Q4/Q5,partial_original_theory;not_Q1_complete,bounded_practice_ready;not_all_required_labs,fixed_condition_only;explanation_and_independence_pending
CS13-core-practice-0.3.0,CS13-M07,CS13-M07-O01,core,fixed_condition;explanation;independent_transfer,CS13/CS13-core-practice-0.3.0/manifest.json#CS13-M07-O01-CODE/theory,CS13-M07-O01-CODE@0.2.0,python313-isolate-dev@0.1.0;python313ml-isolate-dev@0.1.0,fixed_condition:versioned_server_rule;explanation/independent_transfer:pending,CS13-core.json#CS13-M07-O01/base/repaired;CS13-core.json#CS13-M07-O01/changed-condition/repaired;CS13-libraries.json#CS13-M07-O01/base/repaired;CS13-libraries.json#CS13-M07-O01/changed-condition/repaired;CS13-libraries.json#library-kmeans/repaired;CS13-project.json#CS13-M07-O01/base/repaired;CS13-project.json#CS13-M07-O01/changed-condition/repaired,CS13-core.json#CS13-M07-O01/base/initial;CS13-libraries.json#CS13-M07-O01/base/initial;CS13-libraries.json#library-kmeans/initial;CS13-project.json#CS13-M07-O01/base/initial,changed-condition;library-kmeans,ml-cluster;ml17-clustering,unavailable_no_professional_signoff,not_applicable_no_signoff,consult_versioned_reports;fixtures_are_not_execution_passes,full_depth;alternative_correct_solution;two_meaningful_errors;independent_transfer;open_review;Q4/Q5,partial_original_theory;not_Q1_complete,bounded_practice_ready;not_all_required_labs,fixed_condition_only;explanation_and_independence_pending
CS13-core-practice-0.3.0,CS13-M07,CS13-M07-O02,core,fixed_condition;explanation;independent_transfer,CS13/CS13-core-practice-0.3.0/manifest.json#CS13-M07-O02-CODE/theory,CS13-M07-O02-CODE@0.2.0,python313-isolate-dev@0.1.0;python313ml-isolate-dev@0.1.0,fixed_condition:versioned_server_rule;explanation/independent_transfer:pending,CS13-core.json#CS13-M07-O02/base/repaired;CS13-core.json#CS13-M07-O02/changed-condition/repaired;CS13-libraries.json#CS13-M07-O02/base/repaired;CS13-libraries.json#CS13-M07-O02/changed-condition/repaired;CS13-libraries.json#library-pca/repaired;CS13-project.json#CS13-M07-O02/base/repaired;CS13-project.json#CS13-M07-O02/changed-condition/repaired,CS13-core.json#CS13-M07-O02/base/initial;CS13-core.json#CS13-M07-O02/changed-condition/initial;CS13-libraries.json#CS13-M07-O02/base/initial;CS13-libraries.json#CS13-M07-O02/changed-condition/initial;CS13-libraries.json#library-pca/initial;CS13-project.json#CS13-M07-O02/base/initial;CS13-project.json#CS13-M07-O02/changed-condition/initial,changed-condition;library-pca,ml-pca;ml17-decomposition,unavailable_no_professional_signoff,not_applicable_no_signoff,consult_versioned_reports;fixtures_are_not_execution_passes,full_depth;alternative_correct_solution;two_meaningful_errors;independent_transfer;open_review;Q4/Q5,partial_original_theory;not_Q1_complete,bounded_practice_ready;not_all_required_labs,fixed_condition_only;explanation_and_independence_pending
CS13-core-practice-0.3.0,CS13-M07,CS13-M07-O03,core,fixed_condition;explanation;independent_transfer,CS13/CS13-core-practice-0.3.0/manifest.json#CS13-M07-O03-CODE/theory,CS13-M07-O03-CODE@0.1.0,python313-isolate-dev@0.1.0,fixed_condition:versioned_server_rule;explanation/independent_transfer:pending,CS13-core.json#CS13-M07-O03/base/repaired;CS13-core.json#CS13-M07-O03/changed-condition/repaired;CS13-libraries.json#CS13-M07-O03/base/repaired;CS13-libraries.json#CS13-M07-O03/changed-condition/repaired;CS13-project.json#CS13-M07-O03/base/repaired;CS13-project.json#CS13-M07-O03/changed-condition/repaired,CS13-core.json#CS13-M07-O03/base/initial;CS13-libraries.json#CS13-M07-O03/base/initial;CS13-project.json#CS13-M07-O03/base/initial,changed-condition,ml-cluster,unavailable_no_professional_signoff,not_applicable_no_signoff,consult_versioned_reports;fixtures_are_not_execution_passes,full_depth;alternative_correct_solution;two_meaningful_errors;independent_transfer;open_review;Q4/Q5,partial_original_theory;not_Q1_complete,bounded_practice_ready;not_all_required_labs,fixed_condition_only;explanation_and_independence_pending
CS13-core-practice-0.3.0,CS13-M08,CS13-M08-O01,core,fixed_condition;explanation;independent_transfer,CS13/CS13-core-practice-0.3.0/manifest.json#CS13-M08-O01-CODE/theory,CS13-M08-O01-CODE@0.1.0,python313-isolate-dev@0.1.0,fixed_condition:versioned_server_rule;explanation/independent_transfer:pending,CS13-core.json#CS13-M08-O01/base/repaired;CS13-core.json#CS13-M08-O01/changed-condition/repaired;CS13-libraries.json#CS13-M08-O01/base/repaired;CS13-libraries.json#CS13-M08-O01/changed-condition/repaired;CS13-project.json#CS13-M08-O01/base/repaired;CS13-project.json#CS13-M08-O01/changed-condition/repaired,CS13-core.json#CS13-M08-O01/base/initial;CS13-libraries.json#CS13-M08-O01/base/initial;CS13-project.json#CS13-M08-O01/base/initial,changed-condition,ml-backprop,unavailable_no_professional_signoff,not_applicable_no_signoff,consult_versioned_reports;fixtures_are_not_execution_passes,full_depth;alternative_correct_solution;two_meaningful_errors;independent_transfer;open_review;Q4/Q5,partial_original_theory;not_Q1_complete,bounded_practice_ready;not_all_required_labs,fixed_condition_only;explanation_and_independence_pending
CS13-core-practice-0.3.0,CS13-M08,CS13-M08-O02,core,fixed_condition;explanation;independent_transfer,CS13/CS13-core-practice-0.3.0/manifest.json#CS13-M08-O02-CODE/theory,CS13-M08-O02-CODE@0.2.0,python313-isolate-dev@0.1.0;python313ml-isolate-dev@0.1.0,fixed_condition:versioned_server_rule;explanation/independent_transfer:pending,CS13-core.json#CS13-M08-O02/base/repaired;CS13-core.json#CS13-M08-O02/changed-condition/repaired;CS13-libraries.json#CS13-M08-O02/base/repaired;CS13-libraries.json#CS13-M08-O02/changed-condition/repaired;CS13-libraries.json#library-mlp/repaired;CS13-project.json#CS13-M08-O02/base/repaired;CS13-project.json#CS13-M08-O02/changed-condition/repaired,CS13-core.json#CS13-M08-O02/base/initial;CS13-core.json#CS13-M08-O02/changed-condition/initial;CS13-libraries.json#CS13-M08-O02/base/initial;CS13-libraries.json#CS13-M08-O02/changed-condition/initial;CS13-libraries.json#library-mlp/initial;CS13-project.json#CS13-M08-O02/base/initial;CS13-project.json#CS13-M08-O02/changed-condition/initial,changed-condition;library-mlp,ml-backprop;ml17-neural_networks_supervised,unavailable_no_professional_signoff,not_applicable_no_signoff,consult_versioned_reports;fixtures_are_not_execution_passes,full_depth;alternative_correct_solution;two_meaningful_errors;independent_transfer;open_review;Q4/Q5,partial_original_theory;not_Q1_complete,bounded_practice_ready;not_all_required_labs,fixed_condition_only;explanation_and_independence_pending
CS13-core-practice-0.3.0,CS13-M08,CS13-M08-O03,core,fixed_condition;explanation;independent_transfer,CS13/CS13-core-practice-0.3.0/manifest.json#CS13-M08-O03-CODE/theory,CS13-M08-O03-CODE@0.1.0,python313-isolate-dev@0.1.0,fixed_condition:versioned_server_rule;explanation/independent_transfer:pending,CS13-core.json#CS13-M08-O03/base/repaired;CS13-core.json#CS13-M08-O03/changed-condition/repaired;CS13-libraries.json#CS13-M08-O03/base/repaired;CS13-libraries.json#CS13-M08-O03/changed-condition/repaired;CS13-project.json#CS13-M08-O03/base/repaired;CS13-project.json#CS13-M08-O03/changed-condition/repaired,CS13-core.json#CS13-M08-O03/base/initial;CS13-libraries.json#CS13-M08-O03/base/initial;CS13-project.json#CS13-M08-O03/base/initial,changed-condition,ml-math,unavailable_no_professional_signoff,not_applicable_no_signoff,consult_versioned_reports;fixtures_are_not_execution_passes,full_depth;alternative_correct_solution;two_meaningful_errors;independent_transfer;open_review;Q4/Q5,partial_original_theory;not_Q1_complete,bounded_practice_ready;not_all_required_labs,fixed_condition_only;explanation_and_independence_pending
CS13-core-practice-0.3.0,CS13-M09,CS13-M09-O01,core,fixed_condition;explanation;independent_transfer,CS13/CS13-core-practice-0.3.0/manifest.json#CS13-M09-O01-CODE/theory,CS13-M09-O01-CODE@0.1.0,python313-isolate-dev@0.1.0,fixed_condition:versioned_server_rule;explanation/independent_transfer:pending,CS13-core.json#CS13-M09-O01/base/repaired;CS13-core.json#CS13-M09-O01/changed-condition/repaired;CS13-libraries.json#CS13-M09-O01/base/repaired;CS13-libraries.json#CS13-M09-O01/changed-condition/repaired;CS13-project.json#CS13-M09-O01/base/repaired;CS13-project.json#CS13-M09-O01/changed-condition/repaired,CS13-core.json#CS13-M09-O01/base/initial;CS13-libraries.json#CS13-M09-O01/base/initial;CS13-project.json#CS13-M09-O01/base/initial,changed-condition,ml-metric,unavailable_no_professional_signoff,not_applicable_no_signoff,consult_versioned_reports;fixtures_are_not_execution_passes,full_depth;alternative_correct_solution;two_meaningful_errors;independent_transfer;open_review;Q4/Q5,partial_original_theory;not_Q1_complete,bounded_practice_ready;not_all_required_labs,fixed_condition_only;explanation_and_independence_pending
CS13-core-practice-0.3.0,CS13-M09,CS13-M09-O02,core,fixed_condition;explanation;independent_transfer,CS13/CS13-core-practice-0.3.0/manifest.json#CS13-M09-O02-CODE/theory,CS13-M09-O02-CODE@0.1.0,python313-isolate-dev@0.1.0,fixed_condition:versioned_server_rule;explanation/independent_transfer:pending,CS13-core.json#CS13-M09-O02/base/repaired;CS13-core.json#CS13-M09-O02/changed-condition/repaired;CS13-libraries.json#CS13-M09-O02/base/repaired;CS13-libraries.json#CS13-M09-O02/changed-condition/repaired;CS13-project.json#CS13-M09-O02/base/repaired;CS13-project.json#CS13-M09-O02/changed-condition/repaired,CS13-core.json#CS13-M09-O02/base/initial;CS13-core.json#CS13-M09-O02/changed-condition/initial;CS13-libraries.json#CS13-M09-O02/base/initial;CS13-libraries.json#CS13-M09-O02/changed-condition/initial;CS13-project.json#CS13-M09-O02/base/initial;CS13-project.json#CS13-M09-O02/changed-condition/initial,changed-condition,ml-metric,unavailable_no_professional_signoff,not_applicable_no_signoff,consult_versioned_reports;fixtures_are_not_execution_passes,full_depth;alternative_correct_solution;two_meaningful_errors;independent_transfer;open_review;Q4/Q5,partial_original_theory;not_Q1_complete,bounded_practice_ready;not_all_required_labs,fixed_condition_only;explanation_and_independence_pending
CS13-core-practice-0.3.0,CS13-M09,CS13-M09-O03,core,fixed_condition;explanation;independent_transfer,CS13/CS13-core-practice-0.3.0/manifest.json#CS13-M09-O03-CODE/theory,CS13-M09-O03-CODE@0.1.0,python313-isolate-dev@0.1.0,fixed_condition:versioned_server_rule;explanation/independent_transfer:pending,CS13-core.json#CS13-M09-O03/base/repaired;CS13-core.json#CS13-M09-O03/changed-condition/repaired;CS13-libraries.json#CS13-M09-O03/base/repaired;CS13-libraries.json#CS13-M09-O03/changed-condition/repaired;CS13-project.json#CS13-M09-O03/base/repaired;CS13-project.json#CS13-M09-O03/changed-condition/repaired,CS13-core.json#CS13-M09-O03/base/initial;CS13-core.json#CS13-M09-O03/changed-condition/initial;CS13-libraries.json#CS13-M09-O03/base/initial;CS13-libraries.json#CS13-M09-O03/changed-condition/initial;CS13-project.json#CS13-M09-O03/base/initial;CS13-project.json#CS13-M09-O03/changed-condition/initial,changed-condition,ml-metric,unavailable_no_professional_signoff,not_applicable_no_signoff,consult_versioned_reports;fixtures_are_not_execution_passes,full_depth;alternative_correct_solution;two_meaningful_errors;independent_transfer;open_review;Q4/Q5,partial_original_theory;not_Q1_complete,bounded_practice_ready;not_all_required_labs,fixed_condition_only;explanation_and_independence_pending
CS13-core-practice-0.3.0,CS13-M10,CS13-M10-O01,core,fixed_condition;explanation;independent_transfer,CS13/CS13-core-practice-0.3.0/manifest.json#CS13-M10-O01-CODE/theory,CS13-M10-O01-CODE@0.1.0,python313-isolate-dev@0.1.0,fixed_condition:versioned_server_rule;explanation/independent_transfer:pending,CS13-core.json#CS13-M10-O01/base/repaired;CS13-core.json#CS13-M10-O01/changed-condition/repaired;CS13-libraries.json#CS13-M10-O01/base/repaired;CS13-libraries.json#CS13-M10-O01/changed-condition/repaired;CS13-project.json#CS13-M10-O01/base/repaired;CS13-project.json#CS13-M10-O01/changed-condition/repaired,CS13-core.json#CS13-M10-O01/base/initial;CS13-libraries.json#CS13-M10-O01/base/initial;CS13-project.json#CS13-M10-O01/base/initial,changed-condition,ml-validation,unavailable_no_professional_signoff,not_applicable_no_signoff,consult_versioned_reports;fixtures_are_not_execution_passes,full_depth;alternative_correct_solution;two_meaningful_errors;independent_transfer;open_review;Q4/Q5,partial_original_theory;not_Q1_complete,bounded_practice_ready;not_all_required_labs,fixed_condition_only;explanation_and_independence_pending
CS13-core-practice-0.3.0,CS13-M10,CS13-M10-O02,core,fixed_condition;explanation;independent_transfer,CS13/CS13-core-practice-0.3.0/manifest.json#CS13-M10-O02-CODE/theory,CS13-M10-O02-CODE@0.2.0,python313-isolate-dev@0.1.0,fixed_condition:versioned_server_rule;explanation/independent_transfer:pending,CS13-core.json#CS13-M10-O02/base/repaired;CS13-core.json#CS13-M10-O02/changed-condition/repaired;CS13-libraries.json#CS13-M10-O02/base/repaired;CS13-libraries.json#CS13-M10-O02/changed-condition/repaired;CS13-libraries.json#pipeline-leak/repaired;CS13-libraries.json#pipeline-shift/repaired;CS13-project.json#CS13-M10-O02/base/repaired;CS13-project.json#CS13-M10-O02/changed-condition/repaired;CS13-project.json#pipeline-leak/repaired;CS13-project.json#pipeline-shift/repaired,CS13-core.json#CS13-M10-O02/base/initial;CS13-core.json#CS13-M10-O02/changed-condition/initial;CS13-libraries.json#CS13-M10-O02/base/initial;CS13-libraries.json#CS13-M10-O02/changed-condition/initial;CS13-libraries.json#pipeline-leak/initial;CS13-libraries.json#pipeline-shift/initial;CS13-project.json#CS13-M10-O02/base/initial;CS13-project.json#CS13-M10-O02/changed-condition/initial;CS13-project.json#pipeline-leak/initial;CS13-project.json#pipeline-shift/initial,changed-condition;pipeline-leak;pipeline-shift,ml-leak;ml-linear;ml-save;ml-validation,unavailable_no_professional_signoff,not_applicable_no_signoff,consult_versioned_reports;fixtures_are_not_execution_passes,full_depth;alternative_correct_solution;two_meaningful_errors;independent_transfer;open_review;Q4/Q5,partial_original_theory;not_Q1_complete,bounded_practice_ready;not_all_required_labs,fixed_condition_only;explanation_and_independence_pending
CS13-core-practice-0.3.0,CS13-M10,CS13-M10-O03,core,fixed_condition;explanation;independent_transfer,CS13/CS13-core-practice-0.3.0/manifest.json#CS13-M10-O03-CODE/theory,CS13-M10-O03-CODE@0.1.0,python313-isolate-dev@0.1.0,fixed_condition:versioned_server_rule;explanation/independent_transfer:pending,CS13-core.json#CS13-M10-O03/base/repaired;CS13-core.json#CS13-M10-O03/changed-condition/repaired;CS13-libraries.json#CS13-M10-O03/base/repaired;CS13-libraries.json#CS13-M10-O03/changed-condition/repaired;CS13-project.json#CS13-M10-O03/base/repaired;CS13-project.json#CS13-M10-O03/changed-condition/repaired,CS13-core.json#CS13-M10-O03/base/initial;CS13-core.json#CS13-M10-O03/changed-condition/initial;CS13-libraries.json#CS13-M10-O03/base/initial;CS13-libraries.json#CS13-M10-O03/changed-condition/initial;CS13-project.json#CS13-M10-O03/base/initial;CS13-project.json#CS13-M10-O03/changed-condition/initial,changed-condition,ml-leak,unavailable_no_professional_signoff,not_applicable_no_signoff,consult_versioned_reports;fixtures_are_not_execution_passes,full_depth;alternative_correct_solution;two_meaningful_errors;independent_transfer;open_review;Q4/Q5,partial_original_theory;not_Q1_complete,bounded_practice_ready;not_all_required_labs,fixed_condition_only;explanation_and_independence_pending
